id	type	status	sha256_body	sha256_full
agent-brief-latest			e3b0c44298fc1c149afbf4c8996fb92427ae41e4649b934ca495991b7852b855	99764cfe7b4181681ccac592ffc4ebeea5c8f671bb7438131a38e8747a5aa2b8
mem_20260630_ci_compilation_timeout_on_better_sqlite3_4daf3e	blocker	resolved	01ba4719c80b6fe911b091a7c05124b64eeece964e09c058ef8f9805daca546b	7779108ce205136000aedfec64822236971931bbaa34350327bb8698095c106b
mem_20260823_generic_wolf_add_lifecycle_2a3a2e	blocker	resolved	01ba4719c80b6fe911b091a7c05124b64eeece964e09c058ef8f9805daca546b	02fdd5169418881608a0f5a12edb07c352c8eadb68094c44b1d978fe2b027ef9
mem_20260824_search_36f74a	blocker	resolved	77912214222544ddeeb3881c96546c8bccfcfba666e6e044e6a2f8634045bb05	d5dc7ba75400806717e6af66eb4e478f737a68b73e3add7009f3cc8fc3d3c38f
mem_20260826_spavn_subagentov_task_tool_executor_lead_14db10	blocker	resolved	01ba4719c80b6fe911b091a7c05124b64eeece964e09c058ef8f9805daca546b	7c6d2e1c6deaa5ae3e85a715a987c0a515badf6d393aa82f57a9011cc4b8eeb8
mem_20260830_defekt_reliza_1_0_0_isnpxrun_ne_srabatyv_833af0	blocker	resolved	01ba4719c80b6fe911b091a7c05124b64eeece964e09c058ef8f9805daca546b	308af3f553659b7335ae812a148a5e70618129a870e37bba650020b4128237cd
mem_20260831_reliz_v1_0_2_zastryal_publish_krasnyy_e2_08949f	blocker	resolved	55894cd4267fe06f40882eb51f9be1a783d6681f49706d6f7b13c4cb1308a6cc	b15d4b73aa242b5ddac1865c99d4f2c86cdb8f1c44191ee66f7eacfb0b275b75
mem_20260901_sayt_gorizontalnyy_overflow_390px_ot_sek_e443fd	blocker	active	01ba4719c80b6fe911b091a7c05124b64eeece964e09c058ef8f9805daca546b	9a020c2d6a09999b089a3c249d125ba17efd6684baa5cb3178f21c304631c2bf
mem_20260902_f2_zablokirovan_deprecate_legasi_mr_wolf_1d02b1	blocker	resolved	f6442c306efb9b1a218d4cbcec1a5a7cf23de2eb770180f51185f5b60bd6f64a	56e08e6c6b98e2d30b80a74b3a3a1560bb25dc11a25e5e88210a2f18063378b8
mem_20260903_reliz_2_2_1_zablokirovan_e2e_asserty_zhd_ee540c	blocker	resolved	a7b96ec0494307d568bb5f4e0f325e8f0b275ec084766954f3b84fb355859ed7	eeef952163f0ee3b66cd4826ea6e4150207668a644d284df43021291d8a1babd
mem_20260824__a8a883	call-injection	active	3e8799f870ddddbc2d8f79951f960c500f6d089a875f4e48c87d3a20cf1ceb31	9da7f575f1ed37d60e4dad679e7f9eb1b3c10d5d8fd0189ca3ba2bdc8a9543ae
mem_20260824_git_flow_dev_7dc05e	call-injection	active	7f47e483102b06e956dff8972cab004dde6ffc23bbbd8100be5c36c7a9efd8c6	de87951d118f58b35c8d6aa7fc683b655fb1a0baadca998e141e0fd4013c565d
mem_20260825_codegraph_mcp_a3a1da	call-injection	active	3001369ac6395a016f32761f3a50bb918c741d49eb0a17187764863867923996	b85d7ba9a65107f3117746dba1c1818e5dead1dddafc4ca64abefbb4c4b6d8ef
mem_20260825_dlya_shell_komand_ispolzuy_rtk_run_comma_43b771	call-injection	active	8f639acb90d3fb1ea52ee5bee6f4397b2d1e7e2395ad9bab37b4f5b05db6a9c4	70144dcfdabf8be1f80c5d4f678537cfe4d2588aaa2fcc790d81383ca9eee718
mem_20260825_shell_rtk_run_command_acf980	call-injection	superseded	4eb5308bfb8a47ea01bc0f6f54734957a3cc94ba1b80b73d4b5364aaf461a33e	efd5a79e1c109c16aa0daba112470209963944b5f1c481bda7503d68eed306be
mem_20260826_nikogda_ne_vyzyvat_list_mcp_resources_re_6adb3f	call-injection	active	64c208f7a0d722058f301f46880c6068ac26495ef4a613cfd1fd835d64f8829c	023a4ed0117485f6eedae0656de648ee735b6abdeccc5a63d913b307304a1beb
mem_20260824__8b918a	council-opinion	accepted	4c964404283263e367ad95e290663bc13b10d0cfb75514098d20026c1202e6f0	60e7b5e33273ec5d7faa8a1925eb0e33553754c5877afa0fa4f66d5c157ca21a
mem_20260824_decision_audit_606676	council-opinion	accepted	ba03c73ea03d63cea216047df4b71976f153c8b308f88d2f414a3132bbbd07e5	11ad20a2cf91c4caec040a828c20cfbe321afbdba142fa9e7e07c6484c508f07
mem_20260824_fts5_cdee3e	council-opinion	accepted	17d27d60f02522346f6f143761146d088a323531b9af099353c52e2e38b7432a	cc4f2cba6bd86989cd4b9eba7871a01f93d59e254d99c96d9b1f05204ce4787e
mem_20260824_session_resume_50a927	council-opinion	accepted	c634559892c901eb451eb9b983d42b275bf9abd3b3a5ab037d8f3a586ba0a9e4	bf310518845fc2e3be05cd96ec22a7e3306d91c5cbc556991e5ec7dab408109c
mem_20260824_solve_pack_anatomy_llm_b2f9a1	council-opinion	accepted	cdfb08f13935e0c04cb1a5daf2b1ded569eb0dff7aadaa79716b1f187d12353c	4f7f0b65ad7520baa7657cd24a42f8a7ca5da271c5304c37855b06c851ea8537
mem_20260824_synthesis_for_mem_20260824_ttl_wolf_sear_06a449	synthesis	accepted	954339543ad26ee5319a4908d7805ec68959294c70f89cea3955967d2433ff45	e2bf08c2d36e6a33617524d8f8131be0434d62d654152493d2c3c410cd8f4e94
mem_20260824_ttl_wolf_search_6f695e	council-question	answered	4aaefa1e212b43b48aa49a610588bf544e7704c594a92915f236561a5c39f024	4b210768afa9746d1ea81215bc9859d9f51488d3c8536d1339680ea827c19bed
mem_20260824_wolf_fd1b83	council-question	open	53605da07393fd5d083f016358fa96e48e69838e0052bb983e7cdf917c7e1a96	a28716d9518f1efc3c6b9a7d641d63efe09dd7fad18f4ba787c2bd51179378bd
mem_20260629_codegraph_51d7e7	decision	active	3fbf306bd90206e0a4c3dee84f080af3314724c9243e19a381c330c7ee98524f	4b72aaff7529063dfc32e8e5c2821a4bcd478dbd6c31e3dd4c254b2e26e09ead
mem_20260629_git_flow_dev_f67974	decision	active	087700fbe73429d9a70b9e18e136cf425d5f69b0f336471df3b1b97a8bfb9d75	9d37f88b1b42907da33a06b789ddc588e1095442fbc8ef30ff702069a2adc967
mem_20260629_opencode_d4c5b3	decision	active	19fa8ef6338ac5e476537cbf4e0935477c8abec6544f128881fe53c65b76971b	038f9d027b4b8e5cc386a05ecad09be7bbcc234630e861fa042a6d70b7a30933
mem_20260630_brief_4b8b80	decision	active	68fa6ecef4d2c051f0be70b76060cbd221cd575511106030570dff78d13f3199	336604677807989f380d746eed3cca78a25e4b12461d2e9b73b0087aecbb5178
mem_20260630_demonstrate_decision_lifecycle_with_supe_60e3db	decision	obsolete	04d6636c75c67792e3babfe2536ab5183956b2d1c10cdb4ca42a29e19f601b56	2c6be2b0d5706f1c78f3faad4194e9ab3887714d5c801002c0cf9405913a683e
mem_20260630_use_schema_driven_types_instead_of_hardc_5073a2	decision	active	a98416f3df36276242c3b03f2b0077ce388e02d5eccfbd8327d906af7bf069d1	a16c1d5884a3a892e8f1a986bfe2e7e0eeeafd8d7123cc861d454beff8be2137
mem_20260701_use_schema_driven_governance_cdfbc4	decision	obsolete	8bb37c64b8c4d644221fc8aed502f835abf3d4b86b6f5458edcc47ef94400df8	f6d73db9cbd3a94853d6cd231d740e2387d7ffc0e94c939bfc7f4469f0d1560e
mem_20260703_use_zod_4_for_mcp_json_schema_generation_ab914a	decision	active	0f914c1a101f1e89c197f6b6ffe205b587d0c39b010c94fc5152ddcfc9d718ae	669d325660d807c5f4392c0dce98574ba07ed2c74ee55afd1be709ae76fff732
mem_20260823_prompt_discipline_over_tool_bans_2795f0	decision	active	4dec8ed48453e67eb0d3270e1034218a34836b8c196982e678919a827bf8f649	4144d31b7c16106028e2ae657657432c509731f17a4c7f24a001b4c1bc702939
mem_20260824_5_3a0152	decision	obsolete	489095f47d28b350ceb6d3528be3e85d852906e17eea91e40b90ced9a4d511b4	62ee29bd61d05a4b0dab4e5ea1d050f51c84c9063cb2983ef214db20f7387aef
mem_20260824__8a9c52	decision	superseded	d2a6b5816f9891889cc02ee88b2f562a95c3064d73f20dd1b5a59ad38603ad96	2aa702f020b905b65c565e589c85455c5ff0fb52c24a070c41ad96ec99e3f6db
mem_20260824_v2_bdd4c4	decision	obsolete	7128f26f2ca5849b20a05ec9dc446dd93cf4eaa411a17f24d1ba4d3b3e05282c	75e9936db69efd53fbe6c613849ef74df00ec6f3b0a4aae9c3f0f7399ae49ad6
mem_20260825_enhanced_search_insights_ad6726	decision	active	bb80bb9719e56608b9e3380125f0580b2973519bf10c8b10caca272b3f7c297d	b9a707425c4340fd36f143c14c5e99be2c2b9f881e7074f49824c5bfcc1572f7
mem_20260825_id_047408	decision	active	7455e4e8b07d53fc03cabd00a70ad85839b141374425a71046bb84119c80df9d	626347fa1de094c50114e82ee847bc8507c0f3f23b579772a86ef4623e4f056b
mem_20260825_relations_ffae9c	decision	active	7ebf07eb5eeb7b6ee80d57c1b988e23ea5b77a201e3fa8efbe0edda905bde2dd	a2d7c4060396f76d0391637d83d43c24b6d3f0446355fae6c67a41395b85d9a8
mem_20260825_toolstats_friction_d1c429	decision	active	b17addcac26e3847139fd3599f534ef1ac1dc9e391e56d4ae457de216d869e69	2e3bf88b3ca5f483a5c8ea8abe7b4c1083729f02d47334e532b5920ef6d9eb49
mem_20260826_llm_sintez_wolf_cherez_adapter_opencode_56d96c	decision	active	4fce9a851527e83b7fd050bb335c0920d5cd04fcc32ab5ff494f137cfcf75212	64465926a1ba08189dbdbff6e6290a2a4e4a534968acbde1f3106e0bb6dbe3db
mem_20260826_phase_9_semantic_search_otlozhena_berem_0bf268	decision	active	3fcb5e9a2e06e4c75ac0d406e1d35707a7c0f93fa27f716387e8f5dbccc358e4	d8063591e71e79dce1bbf4fa147f8bd9e922bad00c15d6add606ad188f686520
mem_20260826_protokol_parallelnoy_raboty_agentov_work_de101e	decision	active	c1a5739a2a2e3369a7b263bbc439eb59804e6f02724a9206ec261a47297ed645	ef37be588728d85111004e98022c6e9dd4ff9549023d2f6acf3df140b8cce887
mem_20260826_reshenie_opyt_superpowers_integrirovan_v_eb3c95	decision	active	aabec0d745a656f3b534e6646ebfb0b20321726c192c68235163334737f9d13f	5d467741324403c80bbb7bcb844ffff7032ec8e97c86676ef10c521dccedd174
mem_20260826_reshenie_sostav_mekhanizmov_samoobucheni_60c8cb	decision	active	c071423692e66e6c22197fc28d40c150351d0296fde0d5a0ed7881d9c362286d	c640aa3d75c9ede9f70673dff89aab49964ed4c713e6593fc7ec6e589d349c4f
mem_20260826_reshenie_teoriya_samoobucheniya_wolf_opr_8e7089	decision	active	e242f8b386e9b3f045d111325b564134b466eec7bae43c027633ba947c1633e6	6d6238f4c2985567fa70b8b878abf0a59f3c826c1f50940de55e86b4105dc4a8
mem_20260826_sleduyushchaya_faza_razrabotki_phase_10_7417aa	decision	active	88576eb34b9cc836ceff2e2a64da033c89e217db4cb4d1d223b2314626d63838	d473702faa925b73f4196acffbee4fd8ee4cba85278bbe61b7b502b2b8597b3a
mem_20260828_poc_2_ramki_dlya_komand_i_skillov_naprav_d68450	decision	active	4c421831200e09cfe60cfec7e789f487ac803c08779cdd3c44eca7888094f46c	8d82b27857267b01ea7b177acadcfd33d38915ccf5f08a9726d078a8a1f7dcbc
mem_20260828_reshenie_dinamicheskiy_sostav_agentov_st_30c8c6	decision	active	2ff33579ddaf51639d8a32607e03a6dec1a9d8de2fe67915c48497fef5a0745d	684adc0ba18678f586cfb16f13b6289e9861f9d056de2c31707636ec226f614c
mem_20260828_reshenie_kanal_kritiki_polzovatelya_styu_3a1b25	decision	active	17849a0650256442e2bb534c66309798259cf9e28c30a30cbeedabb24e2dbdaa	5248059e676be4196e7280f2029d294a7d97b58dc44541e61555bb6cd3b612da
mem_20260828_reshenie_kontur_samoobucheniya_otdelnyy_46c956	decision	active	06a24494d10c69979d9cce6d7ab6d31d73bb78a017690233f33149706ce23318	cf78b191d3dae73d40386bd39a91a9d900d669338b6a9ea2abfee19ce4304437
mem_20260828_reshenie_nastavnika_ne_ogranichivat_toke_3eb555	decision	active	8e017bc7fdd00eca33f5f58be9ebd7543684c254f715cd3d887031eabf2a6e9b	181a56edc5b8473853fe3472f3412e5134ca884bfc161cb344f5c438e96c94e2
mem_20260828_reshenie_skilly_agenty_statichnye_ramki_bc3cf4	decision	active	de3a6ae7f9512a96e2ea68f975019e0bd7290747c00160c07fabd05e26aacc1f	2f79874174d1b17f4464c638e742ac880861cf828a3b3477ee9601b3ae5188d3
mem_20260828_reshenie_spavn_agentov_reshenie_wolf_a_s_0631c2	decision	active	b3832f98ada5ea37af763b00cf4f54eea9e0b1164b2296e724c1cb62f6cacae6	90b1b68cb43123d0fc8a33abf639e6dae17e44c76b71a2a2c3a8332d4a1a7efd
mem_20260828_reshenie_ttl_v_edinitsakh_raboty_probeg_482f74	decision	active	1b59a7456208f20a547f27f8fac963e765febd4532bea8bc61542c399f1a8ae2	06ca97059ed4a85846eaf6e6201d51db7676be076716d8e43cd62708ee5040f9
mem_20260829_roadmap_v3_utverzhden_a_fix_sprint_b_age_f755fc	decision	active	6cc556a38ceb326bf9a9eeeb91330a5add65ef8edefaa31397ec37813913069c	112dfd9627da856ba0b2a912d9348ff269a054308bb47170ae59160f97700003
mem_20260830_distributsiya_realizovana_i_prinyata_mer_fd90e1	decision	active	0f6a69a3f619908177abe4d8f35c8173d58d76db019610d6f016adac7cba236d	bbb0db56693184b85baddb3a25397f92e0c1702497eca9c5052f19a25079a58f
mem_20260830_fiks_paneli_effectiveness_archived_iskly_860c22	decision	active	6f722b136f42c6522685af9051641daf9345ce2fa217da7e894daea05ef86ed4	698026b9fd09b95ec10fcb9b22e1402865e25eab243f12c606ca71482dce712b
mem_20260830_plan_distributsii_3_tsikla_validatsii_co_a9af7f	decision	active	aa350323c45086a9c2c51737f6bcad2134dce9de616e53cde8d14329d1fdf007	952032441902a0385a969743aa1f8a1d4eec0acb883a3052c12e2248c9cbf756
mem_20260830_reliz_1_0_0_v_npm_patch_1_0_1_gotov_tag_858573	decision	active	93a1ca853e83084e52cf5cadc3bfe45c57073e03d8c60c0b0e3e131e6e4c04c1	95cd9a60e4b88f4e58903f4f59ff85b30006381f4d00e57f19d7887828fc8d85
mem_20260830_reliz_podgotovka_1_0_0_bump_na_dev_teg_v_859798	decision	active	6b2894462b52435116c4e10c8f1995da7c6ec9db4cdc79dd4c7c36435039d5e9	9540233e71e4c709722995be59522506e06571664c6a804219c2aa7b7df49364
mem_20260830_reshenie_distributsiya_i_installyatsiya_6c2ea7	decision	active	6acef32e6f10c38ba73e101b7e19e9a3505dcbff38ef56b5e5e8043113a70cbc	643bf4bbf3d44b48917b1327a6e10d07739f8880925584f3ffded56067a3547c
mem_20260830_reshenie_pervaya_publichnaya_versiya_0_1_916c11	decision	superseded	a34c5b236c8ce6f533e9849a503de9d6f8ee21e8306b0a40e2a9cb375cef005a	918e5955fd0a86122c97e3958d81fb0520b289cedfc70a7a047b81f1356d6bf7
mem_20260830_reshenie_pervaya_publichnaya_versiya_1_0_ac11c8	decision	active	2e900dc6a03359bdee74de169c5a74413b10daa39fedabe2493097d9b62a3c2e	3b63bc761a191ad37b4983766ce852e4860a8bf32f5790451d1f59fdd2d63d4c
mem_20260830_validatsiya_speki_distributsii_2_tsikla_52654b	decision	active	0ab0200ee2c6cbe08ac25004cd507ae8f5d3eb9307fc3678d3858e28d8efc453	ec3650f8efe06a73884a8b9d085e77efd90e66c43ee22bd51b4677a58a1b2f04
mem_20260830_web_gui_wolf_speka_utverzhdena_k_revyu_w_4207ac	decision	active	fc8399bbb9eea079edc6250b25a35d699dae2a8be8277d09a0992d2a0f4460a4	d9c7bde4d31669599b0102da4c0fc1774f60f39776ff2bf768bae2485b0192cf
mem_20260831_anti_degradatsionnyy_printsip_kontseptsi_b81596	decision	active	f3f693c65806119e3cbe684ac678bcc6aa689e0d60550a2acfc690c0bc4a7c30	ae174e6ee912ab9aa4d49fe97bde9d356e33b487763c4e939839f334d914c349
mem_20260831_docs_sayt_bilingvalnyy_en_default_ru_uto_5ccda1	decision	active	aea55b4b78489a7f69029f0a04b8047d6e7388ffe158328ff19e54e0170a3816	babb9b1e214019c9377e6788cf617301df43b653d0d367e51e7a604df7a3985e
mem_20260831_portrait_first_hero_portret_litso_brenda_9b6152	decision	active	f64b4ff283920ac2f9e464e27782eb57b5d43a5c53f1418547c9bc36070343bf	f43f367fd29ee8857e86f1de796928e970daf71907294ee982aefdb98de6a43c
mem_20260831_relizy_1_0_1_1_0_3_zakryty_npm_na_en_vit_f737f0	decision	active	8ab365e396e53806474a6b50f0f802886161221e79a4dd53c656aa254c63f17a	32c6b254375c7c8300d88301741ac80ed326a0dd6e49eb3fa1cbe6dac72ec3c5
mem_20260831_v3_3_1_prinyat_ves_paket_ispravleniy_kon_410f25	decision	active	6df3b6157e24169ee043fccb73165a65b5c3152305a878a93b2d155a0c81b466	45112cb9cc0954c1f827b757a6bd2b48ab6493ac42dcc1bc067925cb11b1c7ad
mem_20260831_v3_3_perestroyka_kontseptsii_po_struktur_6b14e9	decision	active	652b50c58d75740d0f48c4b23480817cc40aa851c236d27e02b4a0eee008fee5	234126bfac4c8c5685d214dbee1c535ca1d3ed1c8d77ee49122a1b3f1f2c287a
mem_20260831_wolf_trace_mark_a_master_mark_produkta_i_31ec59	decision	active	07997760eef41fa8f914915dfb7a2512c2047fbd56ead960f79ee53775d8302e	a1759073dc030388c6a1b6df0d2b27ade152f932dbf47280abc7107b30719a4f
mem_20260901_butstrap_audit_okruzheniya_styuard_pri_p_de2625	decision	active	6f8b80643e612442fffd6cf12639e67d29482bd06aff87414c398d1c1ecdaae8	13f7fddadd85c1f72b89260119c49c30ec1ecf31640feaa62c69dd5c77acc7cd
mem_20260901_cli_playbook_vydelennye_polya_dlya_owner_6e6646	decision	active	58e65c7702c4389b7e5f9e1487a74c12603107a1906f8e9fb4b40435c9e281a3	261c0450e17de510fb3fe0fb7c6a4cbbc04c569888f37210a27163b968e90e2e
mem_20260901_distributsiya_pamyati_per_project_init_g_7dde30	decision	active	a1e9265d917daf12ec757f5c166c62c2d9cc88dca615738ee35d3f8664533797	a31c3e380b52457ed26becab789f755f4bab61769f61bcdde84afda4f4e251eb
mem_20260901_fts_poisk_utverzhden_variant_d_tokenizat_91e24e	decision	active	0a6f94356b663954b49de3d0bb79f7ea0386912569d329bf08458ce356bf137e	c61ad04e436f09d3d5b483d5ee4e397111161e320c29eef6235a81d7af55ad16
mem_20260901_hero_polnaya_emblema_mr_wolf_tselikom_be_a5fefd	decision	active	6852ad206dbb49229230f227e69686040dff204f858bf0774b7cb129e6ea6c77	c2c7c8abf847e7a81706ad23d7d4412f356678eaa4c8f0290c6e8fee03bb1725
mem_20260901_kanon_kontseptsii_v3_3_1_soglasovan_vlad_19a4e0	decision	active	7854af7b878b68a2c41c7de59315ec3870dfe1fa14977159ce99f7061cbc262f	b1c52dd434949bafa7beee9cd94599b76df4e75d07b552efdd26702fda8e2782
mem_20260901_modeli_nastraivaemye_pri_init_opros_pred_e983a4	decision	active	6b3b99d9c7c9a7293548693efedbb37a174fd418b2398c475c3b3482938dcc24	3c823ef3c9a97fbbbbe133e8bc6fdf05c7347562335b22b2afa1e089407a5610
mem_20260901_onbording_v2_dopolnenie_init_utochnyaet_1450c8	decision	active	d1cd3817168dddf97a60e5cda5c6093953533f00d16b0c6fc6b62a6a673c6e0a	441c93913614f41839f31006f8c5e96903ea61b5ca0b0be1b473dc1c260686a3
mem_20260901_onbording_v2_resheniya_q6_q11_bez_styuar_ec0d2d	decision	active	c46db4b99e3c49771fedfedd01649446c8c1ab5307d5f5522cc7f0b2340b5401	e4b37a5ad09d7c2587eca07674ee761a7927d86752fa3744af62c3e7c4ca688d
mem_20260901_ploshchadka_playground_v3_pristine_tolko_af70c7	decision	active	90e3454dfc09f13adba8abffb29a35d95401726960683dd61a9787b3ef1960ec	935ef2a73c7c1577cb91d1f73afc59ba6d0dc9f30d5c04c48dd6a8c88c5b55be
mem_20260901_ploshchadka_wolf_playground_postoyannyy_16b7b4	decision	superseded	a7acfe5ea234d68b14fd7abeb0731ea8f31a54a15f48c8ae499fab3af721356e	f7c6e784ed33551b1a45a0972ebf53e8d80c0c9256355a47769b57652153d757
mem_20260901_ploshchadka_wolf_playground_v2_vnutri_re_553fdc	decision	superseded	3bbaa86831a566d318310dcf66a861c930bfe3f02f3258494515ba1f3a81c836	3f654545a136ed8c6cbdbbc9a3b6c5d776b429c7a1e1f61a7a66bce48460c5b8
mem_20260901_reshenie_git_flow_trunk_based_podtverzhd_12f931	decision	active	3fd0f7239fa7802eb54ee9d47d84c5b09a72bd1548e4c69c98d04d780b467688	6c09407dc109106b2babbc6136273e632c2c99a16477ebbb6300a34a246d241e
mem_20260901_speka_zhalobnogo_kontura_v2_utverzhdena_244c64	decision	active	30eeff9c18dd6af29a7cd7031626fa188fcb200d161576967f05e1bf71d0ebab	0a7a89841566922ea354d034200ceb7ee78009e2ebdcd7c9ad6fb44351cab6e0
mem_20260901_subagent_depth_v_opencode_konfige_zanyat_7e59e7	decision	active	c251d231385a0d6c33a9ec490944f121911533bd07abf1f67e613a82f125ce55	d0835a5d4703ffd7cafbb6891efbed6972c23a4b7df15546b6f7460b6f0c3873
mem_20260901_videnie_onbording_payplayn_v2_init_chist_d8c6b2	decision	active	2482013ce666436784e56a6640c552cb2308243cb4731ad87c5a032453a44ca8	b20412a0f6edd25858ce7ff76e235b98e112beba31bc668b7f071a0a8f477b60
mem_20260901_zhalobnyy_kontur_v2_vorker_vnosit_zhalob_523b10	decision	active	748a095577af0fb587b192953dd2f27bcaad8e6e0b138067c4b60a0c7985293f	3060f682505b99a89ac1ec569e08ee8377f4c810f9a47c8abe167a95cca41f83
mem_20260901_zhalobnyy_kontur_vorker_tolko_fiksiruet_d2b359	decision	superseded	6392ae33a3cf16b442539684399b43db0a6bf2a0c670060bab5b14524913188d	8f1a826023b4f3fb7a71b2f051a78ac57f5a2c4dc5d8afdea3b818a4a4cb26c3
mem_20260902_reliz_2_1_0_kanon_doc_id_migratsiya_taks_e65a16	decision	active	6dd42158ab48b19ef5deac5ec1e8eef0aee98749578424c0dad3503dcc0486a6	63f02e5a7f240dffcaf116f96c601d6c9467e11b62358daec9305d14d0ff7ffa
mem_20260902_reliz_2_2_0_komanda_wolf_upgrade_opublik_23b0d2	decision	active	300719bbc3104efbb5c37767f1eb9abc23c0c76b37a1c121ee0f543200b05127	b64819223a0821e139476406d1f5abe7f380b367b1b8c1c3cf888532a4451c26
mem_20260902_speka_2_1_0_rev_1_shest_ostatkov_kanon_i_88e88e	decision	active	8db880082f7f8f02ed01a30861ceb08774d5453ae0023f4f58a1427bbb95d898	8dd02b74b02729df1a952879b5f166df83f8962499f159094bcc0c35fba409de
mem_20260902_speka_2_1_0_rev_2_utverzhdena_q1_kanon_q_017043	decision	active	7c6bcba679c5f551e69ca817e7bed82d868905777842f203fedc7ca0bb56d7ef	4f744dfde1f4a3e13bf88b19ce5cca811f47b7cdf6d77ec5a09e92fb45ee595b
mem_20260903_analitika_rev_2_konsolnyy_dashbord_kontu_e57b79	decision	active	34cdc35f3104d00a9c27613e0d008cfee3652916a23741e2dc594f376198354b	03afd81ee7af25e62f20318a9ee3759f616e76980e070de9c32a6666481937b9
mem_20260903_analitika_rev_3_tool_ledger_razdelyaet_s_ee8088	decision	active	7e56a0071ec256ec0f8933018e12c54e1626715bb6044c94cf069d093c2fd6b4	28e64f6313ecc0c73a591351d5c461bb25b05807250156ccb9da8c95eafa2780
mem_20260903_analitika_rev_4_agent_ledger_trekhurovne_f932f9	decision	active	77c6b8923f64605ca134a8a6ff08676c1050362f0d1c674f758717aec9ad0e43	70f941d4b8d9b2a4363aa4d1712a33e2c2f721f0f6d65370da29d6debb187218
mem_20260903_dizayn_sistemy_analitiki_effektivnosti_u_17d6bc	decision	active	29dc3b0a8daf83218f9c4b4e3ed4d570b8d0bf37bc8094492eb4feee103d0931	a0b48119dc65a2b2e11a11b955037520f3682ac39e95527123218d403238eacb
mem_20260903_poligon_ispytaniy_playground_lab_dizayn_825d04	decision	active	1e26383b615bb52f7153386287bc2ffef4ea358d92c1c0ccb8d66e88beb390e1	f9a78c2eaafe525770956d00a85fdb45cbed535b7a22519dcefae94ea4098353
mem_20260903_reliz_2_2_1_english_surface_opublikovan_f7c2b2	decision	active	25b6c3c6009d25f07113d18d1433252310a81dd2f1ecf178f0c60a6b1478ad07	a24e7a6a011e6f1d46e92865fee9003b53a338494c0446827544b9ce19139a6c
mem_20260903_reliz_v2_3_0_sistema_analitiki_effektivn_e7db85	decision	active	d5f2985d5b22a0568c66b9bf9cbed56ee69d88334d4d084b65c5d015a84570e3	6e14459e6ea3ce0bfec6eeafd3135cd413df79202f1008243d81e750c27c07ff
mem_20260904_legacy_run_log_arkhivirovan_dvoynoy_sche_6fe601	decision	active	cb0660814c1eb9bc397ed046de185e64d92b2d55acb432ce9e95c6f9bbb66a40	5c11daf4a67dd4b21b0d9f4906ebc90b17def8888e80d140c0f70419de2c5690
mem_20260904_p1_skvoznaya_telemetriya_vlita_signaleve_fffec6	decision	active	288a401355d986abb8217edae6492151761665c4d22fd970225a95f5085f87bf	a4f2b090f167d711800908a5376018822d48c4a768f5ebd310d67ff1ebba5ef1
mem_20260904_prinyato_revyu_analitiki_ot_paneli_aktiv_e49c92	decision	active	3e70b7654e06ebf3f86907efcb8b68bb9bf45026f7bc10a8d3fe058b00c8c143	9af6df18d425dcceeb0e9ffd13761d339f99dafc684d5096cf8f41e07d320489
mem_20260904_reliz_v2_3_2_fiks_publish_e2e_npm_audit_c8b1ff	decision	active	5516393f340e805e95c225c3e35d839a76085989e181b1365fbd2b9222cd6f43	f1cbfaf61a829a206da7046e6de2f6ccb8a91611a74986cb68ff94d3dd86ecfe
mem_20260904_reliz_v2_4_0_analitika_konsiliumov_opubl_a46f39	decision	active	9f2e8f34bb4fd914067ef5cc6a79baf39d957b08da99adc27867b7e61cee13c4	a66aac7b1675836989b2050efc02a766606bbfcbc1fa3ecee88e41e7718e20a5
mem_20260904_reliz_v2_5_0_opublikovan_breaking_imena_c5fa0f	decision	active	c52fda85e9d094324df2d254509e4690ddc7d0889d961d2d3856aa12571ba050	99883b5347083a47138273912f974beb4b03a71eb663751da5ac7231c477db86
mem_20260904_speka_p0_semanticheskaya_chestnost_anali_c09127	decision	active	c41179958f11df58eea678ff32d80fba6d526fdac94c1641ecaad34817f02aa8	a8d43b536178c9d43ad30fcfdc8191e13a8c4c6b8cecd8fcdf7be4ba9bb15b72
mem_20260904_speka_p1_skvoznaya_telemetriya_zapisana_e78614	decision	active	277b1d6072d06f8ce1799fde9c3cfa489fff41c94ad55d46cbfd9df570d37ecb	f68418595c93ea4c5e6c4ea43228dd8bf6f039786a5d8ef9f3d32c9fecc3f2aa
mem_20260904_speka_p2_zhiznennyy_tsikl_pamyati_atribu_4e2a14	decision	active	1bb70fffc07e0d7bfe1996ccc16355e7ed8db7680aa81e13e729d5af4bd1cc8b	79ed19505eba5b72b20ebe5ed48bcede7fcd50b23e83374a835dd02a9d573e1f
mem_20260904_speka_wolfeval_v1_vlita_v_main_zhdet_utv_1ee05c	decision	active	7b430fd9783915e5849bfbdc96041bbcfe4fce353968f7d333f503f4d84d9cdb	927be438e922810e70ccf1c4431bed2f13cc2b6652fcb21f98b971b9d30421ff
mem_20260904_tsikl_2026_09_04_fresh_init_ok_l1v2_ches_d7da8f	decision	active	9a8e345526d0f32ea654428e3551cc83b97d64caaecd87a1b83e0dd23ccba878	c94d5fe247ed4302b2a87b35b99bd603ddc28c2a626a1216e7c7f069bfc9b651
mem_20260905_reliz_v2_8_0_campaigns_cohorts_per_memor_8bc8d2	decision	active	10dfbaa1ea66df945dc9a2cefeae2c35f8d36e0785fd28439a3b391ca7aa568a	6a97cc831f48710ad5d93d652123cb3670828240e9724baeae7affdc4cbb0d25
mem_20260905_reliz_v2_9_0_opublikovan_48c8a9	decision	active	84cdf5432b860f5f83d2443629ceda7643aa602bc1e27659e30741666c709797	3447261f1b8ec7dc6e13584c5a6d2bbc2a63a93edcac71268179790d6bb3d6bb
mem_20260905_speka_p3_kampanii_kogorty_per_memory_roi_78f17f	decision	active	d4a969316c23aa5a989f1d27413ea53f4202080d421619ab3595330a98e3db49	1ff5d949559f98ffdbe6e024891b4eccc5880b0f45a0414cb467e9a682ea004b
mem_20260906_wev_001_zavershen_csr_0_2_obe_ruki_floor_55c4c5	decision	active	901c9c0097de4c4cb03424ebb4c8aec7a6b904dcb24c389062bde3b5d5c9be61	3020f2ba27b65c21cfe10cfc851a1f256bc73d0ee471d7636942324ad316d2fd
mem_20260907_dieta_poverkhnosti_reestr_operatsiy_grup_c3eb53	decision	active	e0a77bb2d5dbeb9848da18f7f299e2803df6d827905a5f9451642f1f13d7eb21	cdc89e859eff44c54b80b3375c41beba724031dd5ca0fabaf1229274fe22ba5d
mem_20260907_dublikat_mcp_ubran_proektnyy_wolf_npm_2_147494	decision	active	62ed92859f81d9822eff84213a5d48d35df2423d79006f1a4f6cc0cceadbadbb	bc8231146ff7017aee87c8f7abcd4be698b6f18e52fc05f4958b281898370837
mem_20260907_ispytaniya_wolfeval_ostanovleny_po_ekono_72e2e7	decision	active	c65ffc811581b5847a7d0bfc866bffd7c4b07c7f70595ac353ebc510a2030919	1190724f12dcab7dd99d4a1769897d390e512d9a780466dd4a95d786907976f2
mem_20260907_pilot_konveyera_artefaktov_8_mini_dokume_2acc80	decision	superseded	17b6af0dbdb7ff4f00727ab421755b55ec71c796cfcbf597a5c502ec539a3938	4b96d546eadb548f39d1dc1951d0f395246775cc8b5d5ff64722578868235742
mem_20260908_pilot_proverka_gipotezy_konveyera_artefa_525133	decision	active	e6d3a383a42c7f8d5a3f2302a086faf86b755f40df5dd0251da3ef24b1e5b56b	e43e75f459bac33dcaa715c402d75a26999590625b3e64ce14f8671ae474e05e
mem_20260927_teg_politika_tolko_angliyskie_tegi_trans_9ffed6	decision	active	26d68241b1297e07cfba6bc84aa8f008ab65fa7045a3f9966fc1f7c68a52a07f	783d2fcac598dadd7da39d44bcd5b1a80c4718cbddaf305710014a251744f4f1
mem_20260928_catch_up_aktualizatsii_dokumentatsii_vli_aa6f37	decision	active	c34fa37403b93b9382d0effcfdb9a2058afc9c5c040b0b1b67e38c598b3620e7	34df8fc9274d113ff9ca4ea20ee619958a6fed48669e444fadc9a483409fe05f
mem_20260928_github_release_v2_10_0_sozdan_volna_1_vl_41ca96	decision	active	ed210b4d160036ccda47d5818dc1bdfb845642f994308a96fe3af02c90143d30	b79713278df309c01d883f347a3c60e63ba5447578a1a9dae3b2f99b04997ccf
mem_20260928_konsilium_2_styuard_8_vyzovov_iz_15k_obu_ec59e6	decision	active	92db0410a95f98663c73df429c9b83ab0d841daa58fe7a78901190db86cc7ed7	097168175d3ca891531110eeaed54420313ed87a3c55fb0fcf00cab9d524dad1
mem_20260928_konsilium_3_skilly_ne_svyazany_s_ramkami_4f8520	decision	active	53cee93e31494e5b9ed0f60485cd47096fde2e7911700fecf0346f45af850d86	ae04dc7edab124dcccf9928ee8d6a6188095fa5e48e5d790e64685122aa17c00
mem_20260928_konsilium_po_produktu_2026_09_28_roadmap_5e3701	decision	active	aefaf9ed5240fa8f497f71a2c4882ac937f955de1c2fa5b19571c42da1605275	6fd50db3560e7ed1ef2e1ecb1446abb8649e7664431f14d3802d7304890810dd
mem_20260928_plan_dogfooding_hardening_v2_soshelsya_3_a9a49f	decision	active	85e719dbb9e538165f7432e96d8fecdf00132c9a99021f950cd37eaffe19375f	5e74f3546cbb9b438cccf022827183b99faa38d8af3370314e0e6dd0c153c603
mem_20260928_produktovyy_dialog_2026_09_29_6_tem_sogl_620877	decision	active	5b1f857f341de9312e6b1572ed38c4e2f68d640cc3024447676bd9183fc7a118	6c004056468900e5bf72b9d43373532872829325b9f84fe04c2f4cccfe920740
mem_20260928_reliz_2_10_0_volna_0_ispolnena_i_opublik_f9bbd2	decision	active	58b85a252775009f2f06bcff199e8a10ae11a25e6e94e0270466086c11e0d955	3c74dd4fe7e699cfe55f8cc863554a1bbb77a42bf12beced0b2f70f252e4024c
mem_20260928_reliz_2_11_0_opublikovan_soak_otmenen_av_98b01a	decision	active	aeed70d8400832346ef79600565fa41f123362fe7556ff0708f32d3cafe3231e	b48862ef1b393ec56434a5e4298d31fb831158366a12345beff8ad63602ae4b5
mem_20260928_soglasovana_skhema_styuarda_vorkery_zhal_790774	decision	active	bce3300dc2fa0b7e20c50cb29345df730363fef6adeae1014dc76d11b343637a	92e03d7cac1557925c9ddf5fcad9277e769c6e364858067b68244dbe157be7cf
mem_20260928_speka_dogfooding_hardening_proshla_revyu_31dccf	decision	active	9466f27e8e1776c35f64124aa760e202e200941137a033ffcdbfe798c2facf76	54958946d9361ffd347274398ab84131bf40e1ec06954d4128c3f5d416d7d520
mem_20260929_plan_2_12_13_zadach_3_potoka_i_speka_2_1_403fb4	decision	active	7b9c539cbfe0e8f5c23de5f0ff205c77f771ee3f05b6392d2842fe8f789ba195	74080b352a08472f76afe134615c58aa1a1a31f29a21a524a57618f27c430020
mem_20260929_plan_2_13_vlit_c_a_b_odin_reliz_s_migrat_948476	decision	active	b761f43bf1cd3bdda8d3e0783d0d18861e744589314b4643b132ce5cc4287bf5	41d404dddd9fb17f1e332d12a197aac41a6485721c8d5f7aee0a2433a17e39c2
mem_20260929_reliz_2_12_0_volna_proizvoditelnosti_i_d_499e49	decision	active	71312e0eef25552b0033e03a8eb2ec11886a398a5f461baf6c64fd3df6664e36	0b888bea645c10e7251b8b3b9826674b248300db0ad35ffdf6f58bcd1b49e68b
mem_20260929_speka_2_12_vlita_proizvoditelnost_dostav_a0e80c	decision	active	b63c8885417e707bd6a7647b67ab06899e0b8d26e4e8e519a64e8d74b6d5f92d	3d5884b41218f1c6c2b2551899f8627126b8e0ae376db22ea91e099ad2e00240
doc_AGENTS_md	document-ref	active	4545aeeb0bb22af4bbdb2793b5ba0194ca57a300d9f50292f31e505212f05a8b	9f6394cca24bf11f10af98effa1cb04aeda1eeaba609b6f5227140c62bfaa977
doc_CHANGELOG_md	document-ref	active	a2eac7ca060e9ce8e92b806aa2977b45b5a8d920c8ee34362c59e078fcc82f22	bd9b210bb744923b1517ef9cf499b3efb6ff49ea815ec66aa1bf03e0c893502a
doc_CODE_OF_CONDUCT_md	document-ref	active	fe018fd60dfcde1cede3eeab74a36d408020732743714a423f5c13eb21272796	c7668ac09d5bc6ec743b08a1b0c4bfb6c14610d8819450367a522a3dc9f87d2a
doc_CONTRIBUTING_md	document-ref	active	23f80828d2d3281493b46ff846b73ef5c46f2444f8f761f4db04622527611195	65bd0e3b3d4a822ae7e50d670fe1167133cfde5a890db3b05dd0025e2855e040
doc_MEMORY_md	document-ref	active	7686c3625509ec60d78745904cbe0c3dde3a5ba6942957531eeac0172deeb5aa	3cf437b417fb6f8cfe50da31fabb167d13ddce371b368ae2b1b4c8f9382e09b0
doc_README_md	document-ref	active	d5efad7db8a74632ab79dae67f1a245a4662f269094541e82b97a8e7e22ae14e	31341b630c9a838f15230597d8654cce5346fcbe0d84ee12f5c2fd46bee3558b
doc_README_ru_md	document-ref	active	f0a525cfbe486d44611790b8931c3fd165ce7e11c5cdb77a853e6e8583cd16e7	ac4cc90074769bf2339474e69de15fb2e385c8f79391daff012e6fe9c4090610
doc_SECURITY_md	document-ref	active	43315aed7cf0eebf8ca98a1a136acc9646e25bc0c62247246a8d9e29636cd501	4d989101be60dbe923208a046e0eda69766221e90e2ff6fbe79ec83187d975d9
doc_docs_README_md	document-ref	active	edb942044d93e56c29edfc0919502fa93096cb58783ff84f3a70fe54c86d4366	5ae648deaa7ebd9546e5a932f36133f9a28ecbe858cbb32d3b6a52da552feb59
doc_docs_archive_MEMORY_md	document-ref	active	ff7c913bf9a7fe915943b4d401d2e77cc94f73eb08572cfb82c078d68fbe8199	62cdd5bd2567289cff16a679cbb4a78cee4a0e81f9c9cb8ff2db88d6e238714b
doc_docs_archive_cli_reference_md	document-ref	active	b64e9b157df00b27017053c1dac0a15321502daf2f04ec06a37758879828315e	a82651b1380da62458f96794146ae6d7afc973b0f443ba69f7370aede262c737
doc_docs_archive_concept_v1_md	document-ref	active	71a6f213c666e5edf4912af791dbb8ead0de30d7d8979b03d9f0a77e3f4afca9	275bc9fc35e48f2df9576f02f8d9ad7d7fdfec4de01f9f42293c02615a1e0c4f
doc_docs_archive_concept_v2_md	document-ref	active	a4ae12fde183dc8b105a8c0953076e26de466dc6fcc899fdc90af13de377fcbe	7219d5f036297dbb0d9f849dbfd4bd5b0b9e035e4f5ccb5e2a866778e505725f
doc_docs_archive_concept_v2_open_questions_md	document-ref	active	1a28c367c32353973ad6ffc66823b74a72b996d0a799fc83e2851dcee1a1a1c2	a6c78907bf5453ff1a8591bb904d9a45f1c57b0d2d922f4ae90701c7ca0cc273
doc_docs_archive_concept_v2_summary_md	document-ref	active	81957614b791b85752ff3a8f9f7f50dab8ae067aa02a9ddd79afea6849a7b062	7d2ab6abbe1dc724637e0943ead84ab2959eaf932adf8064c60ca305cd9d80a4
doc_docs_archive_concept_v3_md	document-ref	active	2bd49cc8b3567c85cfe32a0fe4e5bc3f7d5846282f9d6a89b4c4dd841792c048	94fe9bb3c39ad68c8b42c87b8006bea71fdeac4646e521a092813051d63185c2
doc_docs_archive_development_md	document-ref	active	2485f40221ed6bfe42920b1c38390e2cb8ab4a594713fa88ec4d30178e7ee9c7	9abc98fb3abda3c296d7fde16c949d4d5701677125b877cbec6f52f06222489a
doc_docs_archive_discussions_adaptive_agent_design_md	document-ref	active	72d331ef4e11910cace4d75cb53112f14181ff41401ba06e0aec0aa4b41e97c0	b4bc7931667743968487ec16b8873029df18c42b89fdaad35b118a5374262db4
doc_docs_archive_discussions_critics_md	document-ref	active	dccbe2049d1a2b650f336bfa92e85d043a5aeab22b89cd22d70d5af9b680e4c9	26ab5321255e112f389ad9782c09acef5d5ff4c58a89e91c41be738c575c5093
doc_docs_archive_discussions_discussions_summary_md	document-ref	active	497063489341a5fd1289339750e31d43fd3a6df614875e9309f749fedab524e5	c726b44b3f027c6802c75cf110dd5b30d56f756c93949c4c028b8d200ee71628
doc_docs_archive_discussions_index_md	document-ref	active	8626e841c1e64867f602f31aac553a20169e01059d4911debe394b8dd48e18b8	757adf157b6532526cf74b4ec123bd9d73db71bdab879929ca7b476892a4646d
doc_docs_archive_discussions_memory_subsystem_architecture_md	document-ref	active	2ea6926088db72924bcd85769f35ad25aa884f10bab7a81b85844ef46fd54d34	0c88505ce24c6b33b4fa98c0a7480b8bc67b75ed726c4216a136301bf28b77ec
doc_docs_archive_discussions_research_and_declarative_architecture_md	document-ref	active	c36300dbe55c8fc65c59837a279d510a4d0a63c5b5a596bf36f6fd056d8f61e3	db8bcdb572763d70aee831bf5aa8a4e0d4efd9fd70b60a72162bff4a2172ebd5
doc_docs_archive_discussions_tool_system_and_a2a_md	document-ref	active	c632118f1386e9458942848e649bda7f6196b63d0aca6cc27ccc779a4522ddb0	fee610ba21e630cbe5b4c5a8e27b9c704d8da5edad258389abb9f6d385a669f2
doc_docs_archive_discussions_working_on_concept_concept_development_plan_md	document-ref	active	28c9e1a18923b45b49b2158f204414ebe38802cac7ffc9373da8864e3fabbd52	0078c5b5a40aaa66cef063d9dca8441d4d2dfbd3f72ce22e358002847a411601
doc_docs_archive_discussions_working_on_concept_mr_wolf_concept_development_methodology_and_plan_md	document-ref	active	8f961a0983ebc1d6858a9a724a4c336e06b15759f2be1f9a1f00d4b4d2ce8aca	310dc05af18ed3ff02c315da280ab4360bf0692c763acb8df9d3f933fe0ba71d
doc_docs_archive_discussions_working_on_concept_mr_wolf_framework_concept_md	document-ref	active	045b4d702c33310381eeb4b4304ed5b0b5ec802fb6a5bb2008b8e99eb6fb3662	4603aac57a1a87a50581c70b143df2b590116b57de5f8f070fcf9992cec39530
doc_docs_archive_discussions_working_on_concept_scenarios_01_testing_approach_md	document-ref	active	9e6952bd7ea8da8cffe731758338e11ba2bfa3671aac4410ea1328f5ae5a669f	1f8b0bff6ea7c5c5ac750585f5dbd2ab4060b3b3296420d5862cc7dfd514c1b7
doc_docs_archive_discussions_working_on_concept_scenarios_02_scenario_bank_format_md	document-ref	active	4f7fd51d23c78ea58a7f4e6de7d23df6d9729711988b1117e5417ff469fac00d	679471676a10c1ba4dec6d1e1edb8d58770dc197b33ba18b61da19ff737aaecd
doc_docs_archive_discussions_working_on_concept_scenarios_03_playthrough_format_md	document-ref	active	6ccc43f1ae853a8138634ddb5835e3d4d75941db5b032e7d4ba2922ec30b0c57	cb444f04113ac0b21eff0f278356009b9f88d49d8a905c4f1916a80d2fad6817
doc_docs_archive_discussions_working_on_concept_scenarios_04_agent_execution_plan_md	document-ref	active	25c5c5a865298a9b2e0ee34914065fd1ff052b9b6f74d1a2d7ba39d2b7d381d5	139c927d0be51ab6ced196bd0218012be9923b25ab3c82a29575fa7225c6553e
doc_docs_archive_discussions_working_on_concept_scenarios_05_skill_creation_requirements_md	document-ref	active	d0ac76cfd1d5b5c5be5314778df078c85a0066dd3931a1dffd0aca89ea272edc	bc55647d23603e7f35a370e9d6e1600a4ddb1670310f682e5271a289711612da
doc_docs_archive_discussions_working_on_concept_scenarios_references_SKILL_md	document-ref	active	3351c2a2942c03596a7f66b2aaa4f117750f65ce0713d407a5e304ecab9d52af	d03b223fe9e58d1c06862cc5cc1d0762924439cad93df867af2a55f72aa21e7c
doc_docs_archive_discussions_working_on_concept_scenarios_references_agent_execution_plan_md	document-ref	active	ec0d2bd93e8a56f5e7c23a1a00346014d3631248832e62ec5c9e3ea083b5f654	ed4d8256aa9f85d75d82f11b93d8ec1e01ff46544499a4d3c303007adb67cb0c
doc_docs_archive_discussions_working_on_concept_scenarios_references_examples_md	document-ref	active	20f237fb64b60be32566ad77ffc77d3f3dd1bbbae911964048c75882acef87d5	7cbf2254fc6c63c67c41f9ec726eda7924ddada51d02b8e675500f7167ceb815
doc_docs_archive_discussions_working_on_concept_scenarios_references_playthrough_schema_md	document-ref	active	b351dec1f6c58762f92e34140b73f18f54c5811280bf46dd36d7995e15313c0c	b6ff0bc7c44fa1d32cc5f579975312d492ed7ffe5621dd0b37abab5fdf7b141e
doc_docs_archive_discussions_working_on_concept_scenarios_references_scenario_card_schema_md	document-ref	active	9058aea181189f05cb1a0ef9afdc3febb2985ff3c22eb6819d4ecde834b5ca0a	381df20168463003e4ccb14897f7680f508ec93f27e237526d3f83579d8ceb57
doc_docs_archive_discussions_working_on_concept_scenarios_references_testing_approach_md	document-ref	active	c2f0276bcd5564855f79821fb328273c4db470413eeb9cd75d64239284222592	5676123508c2f39a270b0536a72d55c5e122cfc2d68f870b4babe1b8741ef24b
doc_docs_archive_discussions_working_on_concept_scenarios_references_vocabularies_md	document-ref	active	a31d8d1dab1335099f54b59eae8501c6d2d27d0a28973585b82530d230fdfa28	7aae492cf5295f8680d17260748b59d55f771d4588c1b7f8a33956c61145745e
doc_docs_archive_docs_cleanup_report_v2_md	document-ref	active	e70052ba40a0ffcde2a10c802065d5a2d8b382b09a42aa74a58af44eb0029392	0739861156e8bf9e5a7e0824b631555af17f586801ae36406846a5a89e0209e3
doc_docs_archive_external_experts_review_aggregate_2026_07_03_md	document-ref	active	cd7d901dc032e52b737a169bde635d970631d2fe01de265c2e414a4975862bd8	a6c4e07b6d02c905c5645245ab0978c801778423fe1ab080beeff3c85ac7d09f
doc_docs_archive_fup_1_wac_requirements_md	document-ref	active	2e9a5f49ce53a666d1bfb2d0d775f0177943b624c259d9f03bb84cb388a4499c	914737f5bbd70dbc1a4b96849c03c605f42b2f6dcfdb0ffe75b573b3855f6e48
doc_docs_archive_getting_started_md	document-ref	active	805891af5359e9b7d2acbe15c4c59b7fcf573617511aea3e6ee11685b3e895a1	e354e0e0150b658e52a7afe6da5347bf37168cc0d30d43a7bc644d382d1bbd46
doc_docs_archive_project_memory_harness_base_concept_md	document-ref	active	182679418e5dce60eefb0b82b1de55c74d59f24808ae44a0d4bb7d3b9584c824	601478067a6182fb98468549a67021b43ef12b891df63252ae2f50f0ca6656d5
doc_docs_archive_roadmap_v1_md	document-ref	active	7024570afd21a48d9c46347143af83811c5ef1644ecf70cbef16caaa7a378744	2bbcc6eaab1422e26c61b8d6824edbeb2d54fddf0ecf87772a37c5c97d06c9a0
doc_docs_archive_workflow_syntax_md	document-ref	active	bdf53305e429574e2f6328a8b6ce63191fe8e615829b740dd0b0b0ff190c9786	ff303d30da66ee19649b52aa9d9c231f46ad966504821fc34170c2984984433f
doc_docs_concept_archive_concept_2026_08_18_v2_0_memory_substrate_md	document-ref	active	d1bffea694edbb3cf63e56773d9828a08d25b1f0734c633457e973d23d776e9c	02f6e93238e88a1f80909e5fffd5ad57c9aadc200067472286a7379dcb5b8047
doc_docs_concept_archive_concept_2026_08_31_v3_2_md	document-ref	active	ff2726843778339b6f63a55345cd8157739ce2e3aa3a9f3780eb3fe9a41b645f	7e79d8f6c673e19ee573094a40645f40b1ad94bb91537e45df31482228a0533c
doc_docs_concept_archive_concept_2026_08_31_v3_3_md	document-ref	active	337a1f50ff38f10967fb9df83408cf19b00bd19e2d51e5504e698d171df8b23d	9dc80e9ed8eb20846d477f256abab6cc43c77736dc569a15e9aa6f2e47c1ef66
doc_docs_concept_concept_md	document-ref	active	25ef6b07b8232d4c0a33a57097534d52e9f40336ce35af0ae9f46c645c54e72b	efd800dff6ba203d0aad3891cabb55e5b20de5d17b882fc9429e3054c5fc659b
doc_docs_concept_coverage_md	document-ref	active	82de9731974456322bc8552f12649e8a52bc1eaf92a5e361dae510d0c5b55aa4	bdc3ad929ab535571ee68ef5aa7b4313b12ec01da1e33fb8c4a91daf4ab4b032
doc_docs_concept_evidence_md	document-ref	active	7ab83bd588ab08c85e312496fa1be83fa34a5f149a3aee8ffbac7e67b7dc5d88	fdbaad6a8e2ead715f3dbdb48a114dbf387373263dba71673317aa1b7fa8dfdc
doc_docs_concept_maturity_md	document-ref	active	52aa516dd8bf8dfad06e00e04604f99892e21224f1db81691325b74fd0bd77e2	3511114ff286db3c48fce0168a507505d34607df5bf4de0b4a3e7f31d302e7af
doc_docs_concept_md	document-ref	active	379bcea7d32cabcaf81c83abb31ea57269e4054eabc2f20b8d3e385fe58f7be1	7fadbfbb69d4a4b41aa0404d8d06a5db08606a4a6bb083b81f7d3727d729afd5
doc_docs_concept_v3_md	document-ref	active	9aa3826aebe0b788273bd1597bba2758b5c5a87d72fbef9bd0e746c14e39c7ed	9eaf957e37d32bd5cdc53192c2219387db42506a29aa91f02cfa920189bc86f4
doc_docs_external_experts_review_aggregate_2026_07_03_md	document-ref	active	ea41d94be0d63bceaaa6a3cc1814c3d81ad0e1da3c5152178a23df3528cdf0bb	3bdc55680bdea3a8276f7a8b9e3888b08dcd117cc0fe02010309d255b754a25d
doc_docs_fup_1_wac_requirements_md	document-ref	active	15dcd0b0c414723c80721962f4dad8c0b9736eab0274e4991bf745d30f9264dd	9f6d2c792b42e36020ce28fd2c90eff067d1f0ab3174c92a23fed2d005b6315f
doc_docs_guide_architecture_md	document-ref	active	e623745fbf0cbacdc448b6045a0a64aaa108223bef8fc7e2858ad1d2694fd614	711d0b2c42f53139994f005f84befdef3fe227da9a587170b4a7982a63e503ad
doc_docs_guide_complaint_protocol_md	document-ref	active	1bafde1f8b048442b0b5719506cfb3f9bb492b0d85e464a10de0cbd9f0f794f2	be53abdf95baa35f0d7e7aee3a3fddeaca5c8acfaafdf756d95585e05cc48a2f
doc_docs_guide_effectiveness_md	document-ref	active	7157c771f6a160d0e96ce950ad5cfcaa56fc2242217b27b3a82a458a224d19be	2929b3d7b255f6c9e01eb9edf03530b230009f3252301e6ad43fc7a0730f9054
doc_docs_guide_signal_log_md	document-ref	active	015a17a206079daa9a772b2b88aaa648cdce8664192a4d6e93593217df77a4fa	145762f116594c293542010e7dcef987a17852346702a4b40add8c29d01a964f
doc_docs_guide_steward_bootstrap_md	document-ref	active	bdae3cc83744fad03f0de1b52aadf8d3b9270d483b775b13731a9b770824f8f9	e5b6f9e2a3367cd67149a16eb2d66600c5b33e0bec262e4a7edfe0540d11d6c7
doc_docs_guide_steward_learn_md	document-ref	active	f5c7e46faca3eec1722714c2412cccc98278d409c991379e1042438aba3b820a	c0cb2299831ddfd12f07d7e70e47a2153b5aeaccfa1798a6abba87f377666b50
doc_docs_guide_tool_economy_md	document-ref	active	c831b5bc0049bfff524f41acf0be31e287784c362578b0b8f789c2f3731c2594	e5adb0321284dc66ab0897b0e904f4f546ae384ff0ea929754e47925fcf9e4ea
doc_docs_guide_user_guide_md	document-ref	active	da6824963e7dfa0dba20d80f46c4df5342a9d58e9a64342d1fbee32d886a67ac	0960f42d39610df01c6badcafe49525b29b3e810d8769522a066f6a7896a5282
doc_docs_master_plan_template_md	document-ref	active	a383d50b73a14abd852a047d8dac5b672758395551b3243655cd7a6a1289022b	c426918befef340d6bae2fdf15d9ac155017bcabdf6380692ac0ae3273738afa
doc_docs_master_plans_2026_08_23_phase_8_schema_taxonomy_md	document-ref	active	a067d6af63ef9ceb55e71b2bec78bd6a3ef84c2e36fad2bb23b477b8e49be18a	2b00b598f330193c77d29757d670ba9289b182e3bf8955edd3a099cf5324308e
doc_docs_planning_ideas_backlog_md	document-ref	active	eefde71eb1a7c66ee5fa76eaab76122b2c48f6bb04e425f15a846cbde99667df	4c09f1446834692d3aa0227664bbffdcef687e2fd04a1e91bebd69a1f664e138
doc_docs_planning_memory_audit_2026_08_29_md	document-ref	active	16f512573b54fa899b463538994fd27febe52c7b6fac109b538a9b352f53e3d0	e9dfc4d614f4a2aa30d2a6b179188c23504f86f38b464bc2d0ead04444e9768f
doc_docs_reference_cli_md	document-ref	active	b671de7d3a8417b112057301398ef7cf4e3f921f44260d9369780de53d3a2996	c762fa990e834f62c9997ac8b6017d6033c3afa48478a478f0ccf74a3112911b
doc_docs_research_2026_07_02_recallium_mr_wolf_synthesis_md	document-ref	active	f869c43708df407d833bc1b4cdd2c58e028ed3845156658c5e6c42c8c6d45c38	4313f4e92fc0bf3006f72e30e9893f7661d2a57be0a65db11721f1fe267fa2ac
doc_docs_research_2026_07_03_wolf_solve_md	document-ref	active	11922a90e3ce5bbbca45ab9f8742c563674ea8a9c575e40f8b979145f0431c91	c64e3015806f13cbd7e3e25ac097e4d903eacfbad20e5c5ec6226fc8cb517a90
doc_docs_research_agentic_tools_comparative_research_md	document-ref	active	27ef28fa53cbb7bfa3988c66e03a39ee3602033e12986dd808abf27293d3c2a1	ef68665f95f760c45ac2020cf66b9942f902daa890313d3f20348f5df8ae10f5
doc_docs_research_agentic_tools_cross_findings_md	document-ref	active	8d961159c36dc8608b15e88dd22d1f5eb90dd24d42ce9b0bc2256fc20e44528a	980c8e6c7f6ff5cc9a0de725fdceab33d3ba20f65a73f26b79e8d0839374325c
doc_docs_research_agentic_tools_project_cards_md	document-ref	active	b12b498c2f891ffb00ddee64a02bf634f60cb86e528a5708a48df5fd3d9924e7	e3c026b0f4e654eb4051aedd16527d7d2195ffc9165bf51aa66683518d027261
doc_docs_research_wolf_concept_implications_md	document-ref	active	30f43dfd16952ae1ae7edde68bb73e01f05d9f946c4bf241b02e966407d8820a	c0ce8b89fbf77df7f9e80c78a7f3c6dd7665b97b6da803a67a1f701881d0255a
doc_docs_research_wolf_fup_implications_md	document-ref	active	ec7671dd987a709f5f21c5ec1ecdff9e85884dec05f6b0574e89766c6b856402	9e34f750e07bfb4ff42221693b258124076be96a883e98600b9d852858d51f63
doc_docs_site_guide_cli_index_md	document-ref	active	346238801a1b1f19478be74e52b58ff34d28921974d95c5555ca869d667d6583	ee76bc47f4bc136f84a70e8396ad3ba061fbf54da43ccba33203d1147abbf08d
doc_docs_site_guide_cli_learning_md	document-ref	active	cd3f1791152b3b32ff4f8e3638f324bd7aa58f162f9532b6552b76ce99604b85	5061efe7d538431ec7d01da1353b5a4bf929c88d264381120657d1e0215bfd47
doc_docs_site_guide_cli_md	document-ref	active	9014744dda20950ed8b83e05f7627819fab829d7fb66b92b900aec1fd821c9fe	cfe9f1bcdb6b8dd8313f932cc30010868200cf0ba4c4b86e55a7d820456613e4
doc_docs_site_guide_cli_memory_md	document-ref	active	37e35d0e79813d66f08c6a759cf6cc6c36f86b2cc1672d2006cd1e7daf4005a8	163a20c61a3457cb0bdabcb6b7d2c5e83ade10a5de41c49a5836de43980c6424
doc_docs_site_guide_cli_overview_md	document-ref	active	5f1e2b1478fd76cf685fc3a0ed6189d8750447c12aec78e5434dce8e05845a9d	06d60bbd0aae4e7779376c261aaed5d439dbaa3266a493dd69a0dd235d2b8467
doc_docs_site_guide_cli_platform_md	document-ref	active	08fdbb23184ebecc4c15833267035371a811d423983c981050910ff5c1cb67b1	941c974a5b57633867012d771b6221d367d637ba99926c69bc702f32045585b1
doc_docs_site_guide_cli_sessions_context_md	document-ref	active	b8388daa793dead9dee0cb58d5b7c916f6aae049a2bc6084361c7d877ded290c	79c73e4dc00e969ac83bdd34aa5912c976e5d46eaac548438a8e66776640e880
doc_docs_site_guide_cli_thinking_council_md	document-ref	active	2648c2a980695486ebd47618f8fdf0691d4076584219b781844a4f684876b914	358c835cf384c503467b81364d1233d8a4abb55e6726241c7bf4e4f9d39cc8eb
doc_docs_site_guide_cli_work_management_md	document-ref	active	4fe39760ed347191587627bc0fe59133f822a49a9d02ae45eb378788082c59ab	39dd91dcf9fdb5dc117c94f4c5147be0c0d6a570d95826925442668522dfccaf
doc_docs_site_guide_configuration_md	document-ref	active	90739bfb7d7bf91c36b2e539ec2418cce34e494b1576f7be029d0664443a5ec0	fa1639a95193e9ba25e64009b1eb6610d29a2efb0b8a1f5bdc90452c17c65a09
doc_docs_site_guide_core_concepts_md	document-ref	active	f061117dc40c3602f6dc3425bfb4bf07eab41d5ab048f09f02392d29cacb961c	33fab792a3c86b4a91d492f892b87daef5cfccddb620077becfb538d15069206
doc_docs_site_guide_getting_started_md	document-ref	active	3a9f7ceea0b1d2df08b54455af1cc45299c09896d646059e363ac11540845c40	62b114f5fde1d7957df8f2606556ff066213026f4c77be9df792ac0abc79f5a2
doc_docs_site_guide_mcp_md	document-ref	active	494b2491fbc43edb620477dd33e5979b1abcf0c6a37da057b594a216db81537b	66874474b8936eae539c861a4d3ecb2319e9cde1f12a1799a4c6fbeee777c15a
doc_docs_site_guide_troubleshooting_md	document-ref	active	a736fd4d7b52b6de39365b993dcd27425378b6857e8e579f46dd06574e5ce123	44370b4421afb429562b4d57f47bab64a5935c214a1daea6c83baccbfcee4bbb
doc_docs_site_index_md	document-ref	active	26c44ea78168b71f6c118d379875038dc33916da9dde1080abc9db51b98cacf6	4ee3042ae1efd8a5b8403d73b08a14f24914ab90593d14751c732c63aa246a14
doc_docs_site_ru_guide_cli_index_md	document-ref	active	482a189c58326ccf339ff4caf64133349f6c3c8ddf896c606a4dab1c06b0e343	32c65c44f72fc66660ffc2183fe70068d4883715d30ef9e923f93f4b6e6efed1
doc_docs_site_ru_guide_cli_learning_md	document-ref	active	b9f8d3fc94f9ced7cc072466a615cc590642e065160ace6df5a6661a91c3834d	ee32ecc85dde8646bdbe5621c56f77beb9d0848bcef7b385db1d7c30e88ea42d
doc_docs_site_ru_guide_cli_md	document-ref	active	09c6e8aa68ff7dd1a94cce4ea5da99dd7cec714628ff98431c6d4d391398f247	4112a941d1b1c2b0219faf3df2d2a2407884ca22c26ac0ce8d93d70c42f413f1
doc_docs_site_ru_guide_cli_memory_md	document-ref	active	952e8252fbc6e3bad4bcd38d37188e49dc1a0002f2eb2edee918d6c5cb67ee87	3e776bda3252ef88d422b5cedd6cc39c3478ce11f84b153c8f97e1896246e96f
doc_docs_site_ru_guide_cli_overview_md	document-ref	active	58d1ae744d03584f48d24b8b1248e9014e330c7ec3cf2057903caad7c41c1a86	8b157f90f5a1781ed6fdb09c497500f35be04602556b79fe2dce7b2ccf825588
doc_docs_site_ru_guide_cli_platform_md	document-ref	active	ca326932c907d47c08b307ebcc11a12dae8704c1ae826ca7677238d99c549c0e	5ad9d8adc6daaa490d5608f502a1077edf2759f953b9c39a6b8401a29c1cef2a
doc_docs_site_ru_guide_cli_sessions_context_md	document-ref	active	08bc657d05f4f38bc5bdad600798c2314b97a39c30061e1d74f003b718b97f78	5074725e5d9e147f65c7ccb82ceda3f9476eb546a64bcd1fbee2fd14ade14192
doc_docs_site_ru_guide_cli_thinking_council_md	document-ref	active	9dd59e5867a4bc87e8850ce79a40a10e6a47f12bb480c9f19997622a3295d821	b09c6f002c578282a7afdb6946086fe2e86bb920bb98522774d98d1fed751fcc
doc_docs_site_ru_guide_cli_work_management_md	document-ref	active	053ba210199f2818a029cf34ef7a49a6a07c7fcad51025f6819e4269a8c37b27	d3c53894c496b05253eca0797994e2698a9e80ab2d13c0d5bbb8e3e501bf3f4d
doc_docs_site_ru_guide_configuration_md	document-ref	active	ad9da11e708e2360d8d358c96589d82e5de369eca238e6f891e1ecc566382c19	1693c412b5ec19bed16e89086c9eecefe88615ea250533988169a9aaf54a8bfd
doc_docs_site_ru_guide_core_concepts_md	document-ref	active	0b18a71ba5a4015d6e59ebfebd058ccb2fb583019f90479e111ae80afc1ec3eb	ac7b29894e7e2cc450ef8126bf6b71da816293bbd0184039d634bba2f34b6ea6
doc_docs_site_ru_guide_getting_started_md	document-ref	active	b57e24dcad1afdd1fe7a1b39a338a510a22ccde37e53e8248ede7ebf343cae60	cd17bd62ff07ace5d05e5e08c8553919704f7bb8dec5afaeca17e639f72ee658
doc_docs_site_ru_guide_mcp_md	document-ref	active	e5d253df3776c01a817f1abf652d07294c15c60aeee2c1ea048004d3d1fdcb58	1f129175ab0977089a5db606fa67b4ef302be0d4041bc2f988f1ec8581b7ee47
doc_docs_site_ru_guide_troubleshooting_md	document-ref	active	c332b28832a0f29dc5d85068ddf3e4507cdb9628f467527b425e14f638f2f2dd	8b235cae600ea7e66fc768f3af3e74703dee32ac7a944c4ca5279480452317fe
doc_docs_site_ru_index_md	document-ref	active	a35c91304a6de22295f422a2c4f55a8bdbcbbfc892c4e70d06b671db4cd46489	97dabded7dc473f151cd7b70987a297112b174835bc60b116709cd0dbe54b883
doc_docs_superpowers_archive_2026_04_28_mr_wolf_framework_design_md	document-ref	active	bea0ee483cd4f0725f806d51f709f70f7a477432e73c5b2884d5fad4abf9fbd2	7f0c714f9a366ba6888d96215fc34ee75f2a88fa54c79793a6aa6446d8f55965
doc_docs_superpowers_archive_2026_04_28_mvp1a_implementation_md	document-ref	active	cce7e24992e5b96e5e03d003f23e0a4c0b6f0021103ab8d424da1a29c5821816	de63bb79cd094269ebf7bec05d47f1f328d7de49349c773645c48bff732f75a3
doc_docs_superpowers_archive_2026_04_28_mvp1a_technical_spec_md	document-ref	active	06f6277ff64fe552b3946dc6b24f25139b77e33036cd3fd4f9d1438994bbe419	32d90e595eaa80c7efaa7f57ba3262b701ef45622211e43ac68290ad04e77938
doc_docs_superpowers_archive_2026_04_28_mvp1b_implementation_md	document-ref	active	3c3f54a164c26696597c8bae6279288bc6e2da14e521fc2cc659b4ef986ffa3f	e023259c9e80c2aec4b05eb880c9733fb77bdde1f08c47b5d027a92d166117a8
doc_docs_superpowers_archive_2026_04_28_mvp1b_technical_spec_md	document-ref	active	05ecbcf10e12871682ae6360654c45914f84bc4a74ed261b6b53fae375ecacbd	54c324fedff8c3bbee5c26e65545dea090e50631d33a3584915bd9a85396246f
doc_docs_superpowers_archive_2026_04_29_mvp1c_implementation_md	document-ref	active	ad2a634c2c5bf55b96a4af7abc920c77127813686687853e758b37c3b9827bec	39bcc11fc932ae4e486959051ef398e7554bb716ee1f84480b369acfaa48712e
doc_docs_superpowers_archive_2026_04_29_mvp1c_technical_spec_md	document-ref	active	c83524cbfe2799f9b9b01f5cfc22aba72ea69e503197e00b41c0f25d6563b88c	4639b1c4d56912d5a263ac08d8b1a87bc4e90f781f74934148cdb963f55fe4ba
doc_docs_superpowers_archive_2026_04_29_mvp2_implementation_md	document-ref	active	38ca5662a656b604284e47c2b83bf37fc2c3122e7910f45ef5eca6cc3964b38a	4542e7ec3aacbd4631225c6db4dcc9b7fe24d4fa4ff8fe1c26bc6452e5d8fcfd
doc_docs_superpowers_archive_2026_04_29_mvp2_technical_spec_md	document-ref	active	4abf5fc0a065cd01a7f5019168e3ad159065a0a3d297c4f92ce821664d9714dd	72d2f2cef428d25fcc85317fd252946b4a8cfb65fa411f4338530b46eb397ccd
doc_docs_superpowers_archive_2026_04_29_mvp3_implementation_md	document-ref	active	a21cb90a6a82f8dd14deda717c074d3f069bc797fb2dc66fac63184db679a62d	ba918383b1e3f6dd67a3c1715bc8caab6e5b598f340e6c423405482010278b9c
doc_docs_superpowers_archive_2026_04_29_mvp3_technical_spec_md	document-ref	active	c82c0fd38dfdc630df9cf9faa133a7c74b2c0bdcdf83343b05e2c33deb2a79c2	aaaefc3ec969deef27016014de34e861c2d76f96d59d1bd23bda3dc6156ac511
doc_docs_superpowers_archive_2026_04_30_mvp4_implementation_md	document-ref	active	f342d2b8766e237a901dae091bed554187024e463cbb01215b16f6265e886628	485aeb61418664d74c7da3bad117209b2ec8d78f0cfca83da390affe6218cbc0
doc_docs_superpowers_archive_2026_04_30_mvp4_technical_spec_md	document-ref	active	07de30ee19972fa06f6f980d80798c9b2df2db0fa065d74035dfaeb8a2219ffd	3c8ba4f8ad58737a79d738c07ff66422af0f710ad7a072bc6c054f29db1880ef
doc_docs_superpowers_archive_2026_04_30_mvp6_implementation_md	document-ref	active	aea602fd1aac463f70cc760a2bac08e70818ddbe3830761f70418a53d7a6d6ef	0a040b5d8b637832fcdd88251ef50b9c836a550521d2fc07c5161d3e459130fb
doc_docs_superpowers_archive_2026_04_30_mvp6_technical_spec_md	document-ref	active	8451bdbf662ad893af55ca87d243e3f54465fc0bf4f2e0e8c9558e569d72ea1b	75c9dad1497a25a856a7de88cb5f339a1f9a22bddbbf16e060f3c24988c21949
doc_docs_superpowers_archive_2026_05_01_mvp5_implementation_md	document-ref	active	4af7c34a4e3319e0d7dada7a3e1d5286dd51c603de15fdeda2915db55a6f07f4	b856dbbfd572a04efc0d12350603849cec4883a9f477c58d1687296e8f0189cc
doc_docs_superpowers_archive_2026_05_01_mvp5_technical_spec_md	document-ref	active	ca717cbca774af73c17d1eda4692390b6e9f8efc61c44cdc756f5f67ca5584ca	23919e3dba1689b6e031e52faadd2b0ba5df399fb56a6a6498d6905eb343fb18
doc_docs_superpowers_archive_2026_05_01_mvp7_implementation_md	document-ref	active	c877ebdb030a7fe5b6a7db3e3c1e69e389cc87aba719f1fc719e3c2349ac41e4	f9bc8f4c7de6e266906f8e6709d9677396bb7e58e301375b2c1b31e0221d1ac5
doc_docs_superpowers_archive_2026_05_01_mvp7_technical_spec_md	document-ref	active	8902aa8344c88c406828cb419ec35efce2e76674e5cd17d114b5a2046f443881	1883a2eec42b18bba5aff57c793e34033fa2ddf7c4e0af9a0f82f8ab630a7028
doc_docs_superpowers_plans_2026_06_29_mvp_b_project_scan_agent_brief_md	document-ref	active	d5f4f261bf645f94b496248d9bb4542ac60811ce148808f196b7e3ecc427846a	60ae6bc56343b1e287c0a30eca050b35ccf2dc1b45db5c80247c0c1cd30a144b
doc_docs_superpowers_plans_2026_06_29_project_scan_agent_brief_md	document-ref	active	543280bfdc8ad67058eaad8012940a62f0fb8afb01a331bad616cbc5d4b6d408	5790961ff34f7bb923c3d6b82ca3d75b8ceec7f4122193e494e38031f5ec72cd
doc_docs_superpowers_plans_2026_06_29_project_semantic_memory_mvp_a_md	document-ref	active	20fcd3ce729b43d86c6e513061f33dfa0e30cc54633755d11128213e89aaf93d	19631073b3f5e3faf6aaee3cb92d49e855706555bfe33ec806306b2b5d869de9
doc_docs_superpowers_plans_2026_06_30_phase_1_thread_info_article_md	document-ref	active	85ef45482cb3607470c3077afa2be2b7a50a51d00bfb05d5cb875c23837d244a	746d9f5c5082258f61cadb452f69efc3be557f29f291de35acabd78200d6c915
doc_docs_superpowers_plans_2026_06_30_phase_2_decisions_and_blockers_plan_md	document-ref	active	2dbbe5018815c8afdfac146032fd0cc71ad02ecfea9aa228f5a3458960d8d7a5	a99657c2d63a2fde560e303d77d6a3351ab42dc826696f45af64af7286cc016f
doc_docs_superpowers_plans_2026_07_01_mcp_server_integration_plan_md	document-ref	active	688d336553eada56bdfe37229bc44ab1fac4c6310f90c279ea476e383b37649d	78fe84f647dd097f866f36e9daaab2184bc095341606388b76a5cc226368b20b
doc_docs_superpowers_plans_2026_07_02_phase_6_flat_namespace_plan_md	document-ref	active	f2eee8d96c9784e390ddc8d36035ae7980e9f3c2d1508e2fde4aab75b0e7be62	88b4d873b1c94c6af88d0785a1569bf7426a612bce58ab5c7b15f8995f2af28e
doc_docs_superpowers_plans_2026_07_02_session_wrap_up_habit_md	document-ref	active	7d1fd04ce761d6770f27aab62b3a99a4a9d796faf9937b13d32bf846a0f4ee8e	d56a2c3721dd855addd772924d20894f5e5154fe2aa8c59b4bca4226005fb76a
doc_docs_superpowers_plans_2026_08_23_phase_9_solve_call_md	document-ref	active	de3eceed94fde876d4d7ded4568783e086b1f6932c661da98fcb9347386986c8	81534be9f3e68d33d6d36e22b9b6545195d1ae359c889ef5738fb2d056518f69
doc_docs_superpowers_plans_2026_08_26_phase_10_insights_md	document-ref	active	00881e46e0b9d2ef4015c4e4432bbf012aba22d1cffe81e790a8d3a00ec1b5a4	4867e160f964ce2966170f54b97b42d15624b5214e57814bd0fb6e2d24e70ccd
doc_docs_superpowers_plans_2026_08_26_phase_11_thinking_md	document-ref	active	9b41fc31c862eff779d8294236fb3a68b8a907900137de3a9a50602a1a5c9bce	0111466519e0598e89d1f8cf5da8c3ce25d8b52ee989313eb658b928d7486df9
doc_docs_superpowers_plans_2026_08_30_distribution_install_md	document-ref	active	fa0dd9aa3a357c0ae86fb63ce32861718de88ff0fdf1988d66d17948d0bdc9d4	548b8c392abb82071ab97a63a978e954c8f670035dc855bee651bfa399a20f96
doc_docs_superpowers_plans_2026_08_31_base_sets_md	document-ref	active	e1cf5b1a03d27a2606532aa68b6e9aa3cea5e61a0ff9fb310d68b9201664c5d5	9eb3f5cb23e9e23a87b571d12d38ef38e6a6c25bb05b906ab58fe0368ffda6c3
doc_docs_superpowers_plans_roadmap_md	document-ref	active	2b78363ffb3933aa8a247ba1a9128d598cf2d34271da9dc57ae7083ed69bd472	05574f0432f44b40c60ac4f82af06359e5d59fa190f22452c2e9bf49ac33d844
doc_docs_superpowers_plans_roadmap_v2_md	document-ref	active	18fcc98ffb5485d0d5ad17e08a048c8b06935a2e9c659e5bd23d4e271a25ba5b	a41a4bded100f02e95f48a88eebcd05a51dfd75d49e37385c1bf13d6745992ce
doc_docs_superpowers_plans_roadmap_v3_md	document-ref	active	4a29e512bc2aaf9f7411165a3a41a81dcbdac362ff61e5dc3488486e09fb331e	f386196084c1e18f63cd5251e956235b9e026f73e68281792db0324c0ef8e5e6
doc_docs_superpowers_specs_2026_06_29_memory_control_plane_design_md	document-ref	active	f21df1513a16d372d87ac7a369fe988c9043ae9c1e4ca3633cde0bbd699c994a	3306e344e74611cafb5de8ed450b058cebbc798efc3ef84cc26cb316efe57ba3
doc_docs_superpowers_specs_2026_06_29_mvp_b_project_scan_agent_brief_design_md	document-ref	active	8d80e4c506bcec64d82c23acf0dcfbe48a93f2f81eb6f31d45cb1f074159e16e	78456d0867bc9c297986f44d9966b4581a1b20170b12a83d5761ca291adeebe4
doc_docs_superpowers_specs_2026_06_29_project_semantic_memory_core_design_md	document-ref	active	c59877b2bb2cd38e734b49a208d999346704ff569db2ea94ed8045751ad50302	ce4810b799c60b79cc32b7a2549707c572e63faf5609b495fd2817c59163cc39
doc_docs_superpowers_specs_2026_06_30_phase_2_decisions_and_blockers_design_md	document-ref	active	4fa5645d0eec1204acd407453cd60bb6bfa65963270b9c80e2f5881af5b8521f	b34064497bac2dbd8d783471c043e3c05e6e5493932a75e604be58f0ea931bfc
doc_docs_superpowers_specs_2026_06_30_project_memory_harness_base_concept_md	document-ref	active	d3773e118ce6a46897a26cbad0f691dd4bfb82a8f07885345dfdb9f39df76bc8	681308a982e9890e42be4ca1859e448e5be0257afa7f40ca94b5367b961b5080
doc_docs_superpowers_specs_2026_07_01_mcp_server_integration_design_md	document-ref	active	e2a04d041c24d2b4d9d33d3bbcb2f96757c299c20cb628fa909a31a2977a4b99	d829e86b4085cb71744a37884650448d4d4e60f4aa670ea744ddcc4c65dc4bd7
doc_docs_superpowers_specs_2026_07_02_incremental_indexing_blocker_resolution_design_md	document-ref	active	97462889581631f3a2151160950a4f4c04d433a3d4d732bbd217493903bd1437	dea688ab145512f00b1d5b21d5c0c9356c2cf6a8e1b37a054d80c698578b7dda
doc_docs_superpowers_specs_2026_07_02_phase_6_governance_design_md	document-ref	active	3f9e384a605bb9cf35de0d2f26834a7d547acfb1cb96c74560bab576408988c2	a42f9f9ca55310c04c0b047bc02c2813b96f990c608fd1058ce75320a440c139
doc_docs_superpowers_specs_2026_07_02_session_wrap_up_habit_design_md	document-ref	active	3ebe4a0fd4f98ffb5b86d440ab3845610afa8040f8bafb08c3c7536b0bdbd046	adff326d3b48349d099ace72ca77f8cf2c266a2338487280a4962ea640539bb6
doc_docs_superpowers_specs_2026_07_29_deterministic_refinement_pipeline_design_md	document-ref	active	54c47a3ab6509f43302e48cc7fab44b5a56f371a03162d2f540ec3083fb077f4	a0cbf303d443ae1f78135623993d6a6ab4fbb5f9c1f1e001c80b8be3d7ab0076
doc_docs_superpowers_specs_2026_08_23_phase_8_schema_taxonomy_md	document-ref	active	9f8f1653fbce45b3461ccb81f6d1f617b1b36cbb3441fca8ae71028fffefc314	14836fd182b63da98e45ca0df292684a580aef4a598ecbe2181d57e61b33ac52
doc_docs_superpowers_specs_2026_08_23_phase_9_solve_call_md	document-ref	active	00fd0f5e3d294f2b770a3b96edae688aa0cd5a00dab6f2f9465fbc8abb8949a6	27574f126c8f1681dfb4119462d7d32f2a573fb1a1bc9d05a53b8ed059d5e4b6
doc_docs_superpowers_specs_2026_08_26_phase_10_insights_md	document-ref	active	455f0b93bec353a19c514e68abb7fd65be937e07967d59e31ff00f52f9e997a5	296d3a9b293c57fbca8e3eb3d2983b5dba098606d92c22207138f4ca1bb06282
doc_docs_superpowers_specs_2026_08_26_phase_11_thinking_md	document-ref	active	f3769810f5a6bf0287a2a5e0a0736f9953386377b7a2e36e9c060b5ab16ab493	15bbeceabbe9e8ee7620c9c50793d7de25801639bbe631ab14c18f1a53e25ee8
doc_docs_superpowers_specs_2026_08_26_self_learning_design_md	document-ref	active	050e8af096e0e45b9c196a42c17a35bf4258ce410f021cd6e6ccfd8dbfe46333	f31b833b9975bb97d6d0740235854e2dfdf63d8499f38d120395c2441cfdc48f
doc_docs_superpowers_specs_2026_08_30_distribution_install_design_md	document-ref	active	6e2f3db7619a8e234c5b46ce276aeb1bcbc2bf9f99f538c159e364e1179b3dd6	9bfa98bced71240505e35b13965e23295a68c00adbe592a940409af958b192fd
doc_docs_superpowers_specs_2026_08_30_web_gui_design_md	document-ref	active	714cacded6180cf1e613580e4002b253f025ef95700e254313146a4c615a67cc	cac4654f79251443c530e4b4c50e4a399e81cbaf47f0e1b8ae24e6970d9105cf
doc_docs_superpowers_specs_2026_08_31_base_sets_design_md	document-ref	active	774362262e2994f982c10274b0d781e9409491d3e7b33082ce0ecf87fbbe17fa	c21904a11955e58055a2b7f6d8e681d6191a056703a82498fefc1de704b9e59b
doc_docs_superpowers_specs_2026_09_01_complaint_loop_v2_design_md	document-ref	active	2d631d760193f3e63d5966a1a460e29c789cff6c8d3533fa3b5cf053977cfdf7	7f71e4e64c0fff3daa957884e830a9b1d177265c44e5e860d95e6ef31e4361f2
doc_docs_superpowers_specs_2026_09_01_onboarding_pipeline_v2_md	document-ref	active	2b88fd87108fdadffb6f3c963c6dfd2965d730e4d258923064e0810d00665f1d	99136b14b16b2b36ad4fa121a433e829cb23ea0c99998043e5c62878c9c3a80f
doc_docs_superpowers_specs_2026_09_02_findings_2_1_0_md	document-ref	active	084925d287869a3e70e6b1c45e73de9e3a77112fa9a013d394fcbbcb90fc37fa	88a0cda21247d3bbaec6a7118be73015d77e3238ba1b31156cae58062f767e10
doc_docs_superpowers_superpowers_adoption_md	document-ref	active	62007f211c655b25b7f6bb94dfd04506626c97e489bd4bee3d950020955a9e4b	80ebdd11b67ea82d89d3fec5f6f57b309a6dcd63daf039515abab7fec9e2a8d2
doc_docs_templates_master_plan_template_md	document-ref	active	11af3944a370951f8db4a4e7097c56199ca38da3f3c736716b6bd7ce1f07a330	ec97fb0e5a90171feab3d669203719dc89d3afc44ed62900d3e7edcb0c4d45cc
doc_docs_user_guide_md	document-ref	active	f4fb158f919cae3cbb91bb65fdfc0bbddffa96aae322c29f94184126453a3626	758e102e1cfab571e4d0e2ca4b1994551e7058ab0883e0271f059f2e7b95d5be
doc_docs_ux_scenarios_README_md	document-ref	active	2be28b7bb1bf16827f1034d36a60ba0cf1ccf205a6a7d6e2eeea89788d175b4a	ce12c528e3e6c3a2214914675f8d18c26072a26e078941df76a551dc7115b0fe
doc_docs_ux_scenarios_s01_start_session_recall_md	document-ref	active	ae24a611896793f313a02dd68c4d1f0fdff36ccf1943d9bc3d0128e896d31aaa	f7117f48ed27ad4a33126906c0f57506ca0e629fe76e05b935f0af3c68cbbcee
doc_docs_ux_scenarios_s02_fix_repeated_agent_mistake_md	document-ref	active	d1b38d475b59adbe4897d42996c800dc6a249e1bf18fa9d233fe168dd61148b1	5d25679aff34009f54a149e05f5d52ee0505cca510f1bdb9782a16b631573714
doc_docs_ux_scenarios_s03_long_running_thread_md	document-ref	active	686f364a1dfbc72b97e82581d2b366830b7f711553267defd2a3b7cafcea5b25	5d38871f25b6f84198d2358595758e74dd85d6c450ffd32ad450c717b3f799ba
doc_docs_ux_scenarios_s04_defer_side_question_md	document-ref	active	6d8b3e127100ef22846340557e1d58a6cae67c61ed923628203763fd3bf2d034	87dfa5721dd0f74f83f77b9e0c266bf80c5ef7b623e7850e4d7007d7286a8eb0
doc_docs_ux_scenarios_s05_record_architecture_decision_md	document-ref	active	c98b989e2447dc161f22f02d3fe577a56a601f7493928d0be2996db94abc1bad	90625d2483b7bb97bb71d7e41a53b8a3cba242d367ad092deb734e7db4d1d4b9
doc_docs_ux_scenarios_s06_track_blocker_md	document-ref	active	4020045e440b836880c723f23b4d462383f19290e0a043f0a54e9d4289b716e1	a4a4256021a75b2e05ab86b6668dbf579cf433356040d9681cfa1b02b02c3706
doc_docs_ux_scenarios_s07_add_project_rule_md	document-ref	active	0dd47fbdc9cab2a92ceef5dbf3e04b62e1a6973cb35f90dcdb95018bb9b1f100	da776ceab7f38f29f8682542e9396cc04821594ce80df4c6aa831b6828da6210
doc_docs_ux_scenarios_s08_search_why_done_this_way_md	document-ref	active	37060cdf6c1d203187d1b25a64b7aa2d17d6118a16f7e6be308d2a296ed88cb7	306831eea00ac661f6de9fc24e3b87eaf46e5933577233e016ee784c5cf71600
doc_docs_ux_scenarios_s09_supersede_stale_knowledge_md	document-ref	active	cada01c50e05e0138354bf052e8342bea4d8628d0d389eb7a7163480b9b8d3c8	72c310d01eb186634f5285312b491ca9dc49ed19dadb63105312fe61a081a5f5
doc_docs_ux_scenarios_s10_wrap_up_session_md	document-ref	active	2cfaf2f97a48e4acc7b749ea27b232eaae8188cebc93fa6d76d896cf11ba1846	f4ad7665d97606963e233b9be6a8b5653456b05d420b83d6c441f76432e1b482
doc_docs_ux_scenarios_s11_onboard_new_developer_md	document-ref	active	822056e7e4166e185a35786f626404274ffc297b537e237e01479a0c5396e4d1	0389c74e05f411c7329520da3911d2223f35e972add0aa4e9a5bc5875d950fd9
doc_docs_ux_scenarios_s12_memory_audit_md	document-ref	active	9485069d4a3fdc915aa29530295c3c42f32cdeb7e8061271ca78750f20aa7691	13dfec9bc5012f1e0d5acf6ea4d031d3cc180d8bd2f76754b2e6278fc793865a
mem_20260629_mvp_mr_wolf_c52ddc	document-native	active	745209effd99d76cd3333288588bba4767b73f3f3e78db2c15755178ea9b4689	2f493dcace0e88b3f66c1825318a2229a356f9ef3acd657083f66e73db711ed5
mem_20260903_doc_2026-09-03-analytics-metrics-dashboard-d_b019efab	document-ref	active	01513ea6bdafefc9149fbc4737d0e95e95a5e819c7c68a9116fc8942f08e6f54	78236a18ee6a228af05ecb53bc23e0eb464deea717022dcafb33f7d70091ded1
mem_20260903_doc_2026-09-03-analytics-metrics-dashboard_3b044d09	document-ref	active	4c853efc4996a1df975f8bbbde5aacda054b02047dc8aca8454a16aa53564b95	c73110ce04aef4f7a0eb843583a98b4ea487a28c6b63925273f0a2e98e5ca9db
mem_20260903_doc_2026-09-03-playground-lab-design_758e3a7c	document-ref	active	f6722aa7eeead2eb3af00bef719a24e5d27c62a307e9db7483bfdb173629a04c	b3a946dc5993883057dde953b8030e453d25fa8599237ad29c30a2d808111905
mem_20260903_doc_2026-09-03-playground-lab_3d4c9c9d	document-ref	active	0b021b71402317ebc2136cb40cc5f8dd32771aea26d31ca204b31b1e6fcb030a	5c9125b27712a71878964f3b018c8af1f26e730a8bd7f4130a73fbd16b56933c
mem_20260905_doc_2026-09-04-p0-analytics-honesty-design_67498319	document-ref	active	bf00c614945ecfe94f9628047be3384b981768d34318a2b03bcfb2a2b17718bc	958c123bda5fc0963fa02f4f46a308cbd07732db7809678159f3ac4c136c0548
mem_20260905_doc_2026-09-04-p1-telemetry-identity-design_ce3adce2	document-ref	active	8c26501ea7608c75977498784c25fe60417bf63ff47a85074c8f71ee2a271eb1	9b5d3bbd9df44a633fd8b30b293c92ce9dc6498efe465f64b4ce961c5024dbf9
mem_20260905_doc_2026-09-04-p2-lifecycle-attribution-desi_fed4afe7	document-ref	active	46b93e157ae9fb758c600518f830ac609c0ee061057f42e82c680af275f7c705	bd2c1718ae8758a216241505675d3f37242a8804a30883f18d9d9ee9acbd80aa
mem_20260905_doc_2026-09-04-p3-campaigns-roi-design_11996807	document-ref	active	90d7cdb3ead1c1af16c6497dc3893d3609d8dced1658a73b1da2e6ac368a89d2	527f503e02c929fb60c4ccf6bcd92ba751f51c8dfa5a06dab948baf7de57af03
mem_20260905_doc_2026-09-04-wolfeval-v1-design_1f54d44d	document-ref	active	d25b002c498b876dde08beab13cdc5f84260869ab73d5e2c44e7ed45d10cf694	d61ad02aef854699b2aff721f9355e55c0372b4fd64b02ef6c9d6298d644e3e1
mem_20260905_doc_2026-09-04-wolfeval-v1_c5c76e3f	document-ref	active	2a505683c28a0f8a8648a1b2edf310e647dd47d3cc1a639078f89ce624d1e161	ed1963ad8b464c413a5ef316bf87c297d9a7294383fdae8dfa228b0afda1ac19
mem_20260905_doc_analytics_2dac048b	document-ref	active	5fa4f5f2d019c7512af8e92b26c48bcd8eb2f4533bca99b88dc98afa755fa0c3	b28e51057f3b0caabe6df99020c4ea9901db18d305cee93a350a241634a2638b
mem_20260905_doc_analytics_78f2b5aa	document-ref	active	e021978317ed99738729ba131497f0535c8bc8d288d0084438591f1fe7d16e16	805dd4bfcab9514c8178be66acb02b9801b89ffca3e10b4a345b43c0a5ce0aa1
mem_20260905_doc_analytics_868fc32c	document-ref	active	174260f64d44581aba1e4926194c78cf4b7c90dfd8062a885de719422b55a0be	0e272339644d0b3b3812d5d84728bf2376e40aed74c917273338d058376a9940
mem_20260905_doc_harness-integration_bfb7e6f5	document-ref	active	382e6721f2e6ce4760292b444cbbbde3f97a44ebaf6653e1f1b5391f21b5925a	a5efd291461ce9067a3d0b0b3e191767709f32c3216a9cd6aed83620184dafa6
mem_20260927_doc_2026-09-27-dogfooding-hardening-design_e8b89032	document-ref	active	ea56297894a10469bf4a86a944dddc6da681c718879397382a89294901357588	01516a8fc2ea5bf72d03d35c7082093d8376b318d3095c5a4e6b3dce4edbc29b
mem_20260927_doc_dogfooding-analysis-2026-09_b2c5023c	document-ref	active	4860c6e40eeebb1020da50d0c6ec0ed1dbc5c5b1ea3ad27bf3de73f16159f068	eb7d9306ba88d392886d76c7d7490299c41b03f860b53095663c83f55f436c09
mem_20260928_doc_2026-09-28-dogfooding-hardening-plan_3d36cdd3	document-ref	active	04998d8b45de53a0811e67a48635a3342f178bee5d7cf791e38a43614a373cc3	4f17fccaba046184bfb8fd72d7a60f22776d4df82fe80d5c5130ba5797865181
mem_20260928_doc_base-set_416af67f	document-ref	active	42416d2e88bc9556e808814f9e430685520053aabbe2309785682c11d9b66c00	df59427a140ccd8894ceb2528f7606e0fc78dcde6dee29c80a5d470fd0536dad
mem_20260928_doc_base-set_4dca8830	document-ref	active	bc9e2e588bcf135fcf3fdb8e5b22d8e993c09900bd6e900d6f557eb407fcdb70	aa527b0b13e6a58237e209e3867544dcf49c5304314d1b53d6a4086b14e2ba41
mem_20260928_doc_product-consilium-2026-09_b90899e4	document-ref	active	a486f6063ff858162b80439566c061f71fa0da92fa0d3aefaabbed8e577a4185	e8a68fbd7b22a4fb25a803d22f041ec86215df00d3276b47fe3e479099ae10b0
mem_20260928_doc_router_135f6d8a	document-ref	active	4f770d3a9c8e848d03e6dfe7b70b84f9a6e229930a4f72f6360f7bd625df37aa	d4242dbf9157aeb4b18c812a78dfe11b4edf1c5eefc24c62d05bf28fc4e04e26
mem_20260928_doc_router_dd2d395d	document-ref	active	aee35d04348ceb94aa31d9547f1a43ca15bdc72a2bf3679a5cd74d06cfc3992b	dedb5a52de874cf9f02422048d7025635860d7732f92500b7a96fd9d70d401ca
mem_20260928_doc_telemetry_5b856b2f	document-ref	active	fb90bf5d94287b95fda664f887df4169b25228f2688e73e7eee46373afa10ddd	d4a153b72cbbbe2e6e31b76d22989bce7bb1beae94e77333fed0c416eb674279
mem_20260928_doc_telemetry_e1ce4c53	document-ref	active	84903d0afadf5287e0f696e588f8f24d2ba5ef9cf1261daebe4563e28e17b630	ba4f8bcbed667568b7ab87d42ccfb81a7e479eb87d69fdef76b5198126c987e9
mem_20260929_doc_2026-09-29-wave-2-12-performance-deliver_806766ce	document-ref	active	5e8e56dd0d67e62a47d4d115e22ec717a82df44f4b2644e3887e7402dc26f8ee	96272e1d29f6ecfc959b7f0d610cd5b6f930968905abe55a242fc986cfc180f1
mem_20260929_doc_2026-09-29-wave-2-12-performance-deliver_951c782a	document-ref	active	ccc34060f770b9657181d3f225cce573d91e3da49fbe648d6a51f6c23b24c5e1	5cd31a910503f0d89b13d9d1c33ad829c2aef6ccb047159f9f74c2f3d30aa76b
mem_20260929_doc_2026-09-29-wave-2-13-taxonomy-cli-diet-d_646f479d	document-ref	active	13cd779fbc2815e9acb3501f3f5323d13f30a34de9be4cb35ce9615528717f1d	f0fbc7c1af1df8e699e905b555b0e668ad6a157ba8b1b0a0601e770596a01e82
mem_20260929_doc_product-dialog-2026-09_35eb91ae	document-ref	active	1a0a1d6bb772e062ab290ee1f1c195f58fb45dbd532868abc12918ee8ef1e589	d99a459e890fdd25a20f955cf0e92903c4f0f00d238c4628e66df0f6f78dd825
mem_20260929_doc_wave-2-12-baseline_e05759ce	document-ref	active	27790cade2fc93700a751acfb24202345a506202a7e13f4359e91476c87ddfa4	f469d3f8b60f1acb9b54c9d998824e34e4039bb46b77ef9a899ae67d516271d2
mem_20260629__da7d01	observation	active	c36d3eec42e6730a7d1ea663b8c9f705af619d7f8b9d2119bad18c3ba1795010	9524fdbebc44a8f32e536ae38f965ccbe8004551cfa757f018e65da84a062ff6
mem_20260629_cleanup_docs_mvp_b_8b9241	lesson	active	fc8f6b44e0a4db969d086e3e26a3b6d3d69302876c433bb99194b4d9d76e13c0	558fb37bd7aba68eb718128bd421cbd0205275a5328fb009bd4112d7ee45d91b
mem_20260629_cli_mvp_a_eaa2fb	observation	active	5715a1b779b88c167996330f3bdac26c3665e32a850224a19da6115a38c0f0bf	903ba9f4ee9f7504d4a44bca2eca7439bbbee778a382f3b9b672f3e3dc0798f2
mem_20260629_markdown_wolf_memory_8ff008	observation	active	88d68a24764d29d6fcf75c9a8bbf24dfd714a4b2ed9d5558c10bec0f0c235837	61f52a663ee1cd45e95892c4d8e9b8614de8895b9cf9318dafaaa5ba56c03807
mem_20260629_worktrees_82b85d	lesson	active	139d51b99c702fe2238f1608194d50c0fbb290aaf668d8c57ab47183c15ce847	87d1741d7626b9cba31bc114cc47b84bb958d5ed96be45f4299d96c10947b7ab
mem_20260630__7424e0	lesson	archived	9cc8969cb8698fb9b4adf55552e6ae596bc8994e37565b33d33a53d6c6d4a401	ad6709a14cfcb00e8903d8b87358af1349a6917b80c8d6b3e4d79bdedd216de3
mem_20260701_incremental_indexing_works_without_rebui_f70469	lesson	active	7404bf1e6b5579533f29fc8236e3cc7b0abc49024610354a1fef978844bb7a2c	eb40d2e14611076a710c95f8ec38dd1d196fb89f873fea1f34d55cd4ce510251
mem_20260703_mcp_server_fixed_for_zod_4_and_servestdi_8ab939	observation	active	76a837f314ee4e2eda72274ee0c7a86117d0277ed6265639d97c3392b496ee65	61373d011b51c043fb31088be28bbc20b3b74efba22d83f9ef84b61704004810
mem_20260726_mr_wolf_1aa9ec	observation	archived	e8ae331c36bc9b30e4e4a134890df60b1179882771a92ac750cc3e5699ec99d9	e5c65f4af4a530fd5fbde43a31b550437bfcb4832f17f04c232f4072ff21d601
mem_20260824__4b3d45	lesson	superseded	e4eebd24b5a6575017964e70e2f74d5291ad58e1461832f72214e85260cf0c28	3973a24e05121abb1ecaf89d90362a52778cad6a4e1d73c76138f22b42e1c6b7
mem_20260824__f402c4	lesson	active	f63b2ac61be0d81e22644dfdac5330e583d5ff750b39977eda9518f9085375bf	2ed80c802cfeb1102df6768a90a18b3aaff7aabe6d67d9553ed8edba07eee2c4
mem_20260824_search_council_2f2d6b	observation	active	5d5e52c3356e5db26bdcfd4efc4c54503c6cc70c0e2d663c557a38648d3d075a	676ecc2cbed626f9318e86aed4886231761132a6d6e6c7628ab1e3a2626823d3
mem_20260824_v2_a3ed39	lesson	active	d04a6503e74193c60c7777bbe6cb0265393ad3e042b52db365101326ee7c7442	3763a7ef4602f4c8e6efd40bd655d7689402252f2beff6c174374ce0d068d79b
mem_20260824_working_tree_checkout_wolf_executor_e3519e	lesson	active	cc40821bb82571fafad6a57587f8110c07fd8ec10efae798515dae527d843a22	5727f6b811c49c1169a13d9a4207333c6375441d9da584eb01fc30b5d43bfac2
mem_20260825_docs_prettier_write_80a85c	lesson	active	671dacb0b682480c1de14df7885994219ab055677365c67bf1ee01a6eb27ccdd	1468470e21e000fda6f574f4ce4d45ce7c269579f425d2de2013310e22b27b56
mem_20260825_wolf_24_26_08_35a75c	observation	active	bf4d6cf380fb4abdb6cff23562e0f283539efcec5f23144c497820b24c86a6e4	c389ebf934300ab3a732cff38f909a0b93c568a79ffe8f2e24090519e72f1aab
mem_20260825_wolf_29_4a1f06	observation	active	b887bf6a88d007e84a477dd490333fb74eda05f5795f84afa42ecf13b1ef2a6b	2d59337751b3277c5465448e62b589bba3e26905642b7e98dfa3274b1091faba
mem_20260825_wolf_d25859	observation	active	bc28a01ed4cc4dbc376fb9272abb66022622b883f68d669f715236de2d74c4cd	481abf17e764bf0c606cfce4ab6ef4106e0e71aabf9eacabbac42b1ccb39bd84
mem_20260826_bolshoy_fayl_pishi_chastyami_cherez_bash_f64aeb	lesson	active	d43b354aa98363549727ecba048f558cb402661fca75a3a43999b242dab3336d	a5a4dd1fb48ca3cd04429ea7c30f83ffe3c43d6c0a68524a945761b9848a28ca
mem_20260826_codegraph_ne_initsializirovan_v_git_work_50bbd6	lesson	active	a87362c39c508caffb0c19f4b54d5d5b70daa7f609af4a7a5bfc7ca99b7d3e04	478456bb6498c476e3b983b684b390b844390d6ecb3ddf1fe013a3347af6c745
mem_20260826_docs_only_zadachi_prettier_check_pokryva_4ff38d	lesson	active	2729d9ba43bdc2ded8ebf6fa01bbf7bc09a54ae2bfbcb89875483415ebe33115	8a82f1dc707b842d36922d2e643a5d4297728bf7f183950d3be7169456c2b6ca
mem_20260826_intsident_mertvaya_model_opencode_x_prev_be6102	lesson	active	16cd46a4dc349976b1caa6fbd56e9a8d467d0b5753ccf11d576747d996fbc957	2f95c65cc432c0eba0277c6c1b85a50dfd927230d520ea6709f4156a426605be
mem_20260826_kholodnyy_worktree_npm_run_build_do_perv_cb8434	lesson	active	56cf8c16fa4f68ec10aa0fb1c2b9e2f28eed953f0f97155d252f70e307f4bcda	ded07f5109ed2178f53809a33608ef79bc53fd1ccd33f708bcc72358fafe1455
mem_20260826_lovushka_native_glob_ne_vidit_dot_direkt_5b9145	lesson	active	15901eea893867966d064bb6280afe80f045d4cf07c73695dbc555ee30e2f775	eb2a8f8b0b0703ac10793df2468925f5b6d59e863c32659e98119ef3b687a8ea
mem_20260826_pattern_opencode_plagina_inzhektsiya_kon_01e2c5	lesson	active	054201a7c67cbe3c4298ceaa552f34f029ed23ed936d41b49d91864959d16282	bbd34401246e92358b33531328b06fb210fe0034685e45edc05744bfa380223e
mem_20260826_project_types_from_config_yaml_need_decl_3c4dbd	lesson	active	e910f975d0c1995de907234a20e15455facf50246865950b4cb7c7bc9ed39107	7383e571f0a6b292b03015d480caca0d5709662534b28face0057426c6b82024
mem_20260826_reestr_idey_docs_ideas_backlog_md_28_zaf_fa4b79	observation	superseded	ba095dec14095e0054d9bc067aa9591d63e4977c51c106068b9b02fa02beaab0	8e70668eb3a09b706eb338a06af28432ba8b71a41008c6afac4d295ea9fc2ac0
mem_20260826_reestr_idey_docs_ideas_backlog_md_30_zaf_e0d88a	observation	active	9282560a5a4706a8fb4b5f5c80140f9974100cdf7b6a24b16de134d5ae1ac495	54c401b470db110796c00d6279b4c9015510aa61f67849c56fac1ef47eac9596
mem_20260826_revyu_implementation_planov_shablon_writ_cccdcb	lesson	active	75625d339fc499d7035d0267ecba1b2892e25ec0726242ae7af0ea20908024c7	afb5597d5050f03e226d00639f36c98abf59e1f06283a029cd8c90c46f196ba1
mem_20260826_revyu_opencode_plaginov_sveryat_pattern_c95743	lesson	active	725c3500f7831014681a25ddfc56278000e0716fa32c34284ed51ab90e6dd93c	dea261533b1f309b67bed36226d714a2a7e941a3be0d19a0613c8448637c097e
mem_20260826_rtk_run_command_dlinnye_npm_komandy_cher_162d27	lesson	active	4d24fa5dc77896fce4c38eedf2963ff53d28682405901a6e46fc0258aeb3a32c	c8a7ae0efda3bc100b7d1a4fb07b64f28622fb500dd08dcecbab6e22864aa4f2
mem_20260826_rtk_run_command_ne_podderzhivaet_tsepoch_3671d1	lesson	active	cdfd56dc815a491d91cd4809c4b0c763e8d16cc20785188e517c7a1f14c44cd0	0892554c796edf50ce679fd468dbc52be032911aae2bb6199573842170217303
mem_20260826_treking_faylov_vnutri_wolf_pattern_gitig_de0d34	lesson	active	1771c9cf0e3a2cb5d58cf9af107c4f8306f34becbfb677f269b0a9131932a10c	371b43e59a4f51e4ae07df08a8be97ba63a7593126947e6c3b93f7eb04688d85
mem_20260826_urok_chuzhoy_wip_v_dereve_snachala_prove_38239d	lesson	active	305227313139f9ab4944d2773c7ea03f2b69aada1dcd2ae43746a38eae3c7ceb	7f6babc70d182a9ccc0a7841854515174449f3ee272e40923e3b49e8a11b3f71
mem_20260826_urok_cli_komandy_v_dokumentatsii_sveryat_ca8472	lesson	active	bfafe5c04e18bccbfa7be5229691f3fa859c054dee09f7a31cc981bc1d2dedbc	5b1132eb1ed82221378f7db10570be7b9970afa2aa7c51b89a773b6a723e8865
mem_20260826_urok_zavisayushchie_dispetchi_lechatsya_95b201	lesson	active	76a4a4d5ae3521927a9abd45060bb07d538b80eb0150a029d2bec5958f051809	b971694f605c25f1b5d93c6462d23fd46b8e6b49409854ad467b0c8279991415
mem_20260826_v_svezhem_worktree_mr_wolf_delay_npm_run_31bf89	lesson	active	d4272c75185951a6a124bf11d47e49a16d541f06736b4a76434b017849869f23	5a2f8af83dffffa0a030773f63514952d22074a3f60c20f1377fca79655816b4
mem_20260826_vitest_vyvod_dva_schetchika_ne_dolya_ne_2d4b09	lesson	active	31fd2dab69fc4e654a1b42c1eeb70ec6cd1e7c3d3c23d56ff8cf80062b05a83e	aae856bb975fcea25ce9fc28f7f1e4a8620dd47e9d6d614319c89b4f14cb017a
mem_20260826_yavnyy_blok_instrumenty_v_prompte_vorker_31f56b	lesson	active	0d238c6b003fd2e32b8fb700933938a181a30cc0a6856a7228d288b8061ca062	02929211f18df6f9119810cee8453df27eb4bc1ae92845e23c36eba8a0e63af2
mem_20260827_docs_novye_puti_concept_guide_planning_t_479d89	observation	active	d64ff60a5b740865ed2fefea647eddfb78495035a37662ffd56adcda7ff7d7aa	f2088fe0b3502520e26cd5e43feb322b15643f6d16039b49cb5c30fda211032c
mem_20260827_propusk_reestra_trigger_keywords_na_drug_a1fead	observation	active	d801dbe8aa5cacc019dc918047b53d4d35c4cc1fca11056fd6e8681fcb66b860	74e31090cf0dbfe41ab40c8c9c8fa97ce07c4cb93b4953b41952e43c363fcc92
mem_20260828_parallelnye_vorkery_na_smezhnye_fayly_za_4ffd7b	lesson	active	77743b5ab255e67d411bfabf3a1ae2492fbe199855768fbe9f506babbb988597	8c6853803a3bf87e93794b8ed3297aa355fa9714e052dae9018677578a9b826b
mem_20260828_prettier_v_docs_only_pravkakh_smesi_i_vn_69441f	lesson	active	be40b6fc75e52e2e6be01837f22c49c99775960bfd7b29b48dc5c01b5a58e338	899ffe44e7cecd129ddc168576602226d27ecdcf4eba753f8cd64b669a1bfaa1
mem_20260828_pustoy_rezultat_vorkera_state_completed_35df68	lesson	active	bbb83c3ad82da5a76905dd350eacf8a8968f3a5c24d197c40643410de80c67c8	d3730bf904b97e6f2b0b68a162ae596909ecebe5ab9665fa76c21960f520901a
mem_20260828_urok_anti_skoup_vneshnego_issledovaniya_5700b0	lesson	active	1f299341a831e772db6afed157f835c680a9f69ad0ab4e4855a0be877f0e80b7	1b74c8f9485a07a08a3368f9db79b6f290e25938a2f46227ab2902fea7bd7ec7
mem_20260829_brify_s_cli_komandami_proveryat_flagi_po_ff531a	lesson	active	be384e799697e2480d6ca76cdbe36a91096bb4483803ad60f1c9adeb08c631af	bccbbec2d6b6b44e1cf286d698028264a644ec8c88004c83091ae996d973e21f
mem_20260829_lovushka_cli_smouk_mutatsionnykh_komand_5bafad	lesson	active	d5662d8f37f3ce52e0ba8acb8272572b091c5a90e550ed2559fd53b31091a13f	d6c7db5d9615511c4a5f2d02dbadfe76af91aad5343bac0af6fb42f047e97abf
mem_20260829_research_vorkery_yavnyy_zapret_lokalnykh_d45546	lesson	active	14fede02c47517399bbb86e2fcb5ddb6d6066e73ee896e19ef74df4dc31bd693	764ff8eb86def2a4b481577a78583c74b62e03094661d68f9132d06fceae0d01
mem_20260829_urok_parallelnye_vorkery_v_obshchem_work_2b70d9	lesson	active	fcfe63973f46017e12446393ba911aeff2f76c8e48c77169d80443174466305a	2df887c441f140d63d7107e1f4e83c966c5fa5a1062b593367dcc2375b19fa8b
mem_20260829_wolf_add_set_zapyatye_vnutri_znacheniya_116b28	lesson	active	57e901ba3971558addaeed3bbf1a56e373e5da8064a270bbbf3a5493b9fbe794	2a1e593e24be654832c2d9eddf53f82b58b2997e8789a6c048e3e6a71b44200b
mem_20260830_audit_npm_tarbolla_git_ls_files_gitignor_a28399	lesson	active	f34f51aa6a7bebd76b3cb88eea2d3fcace00f2b2c1871922f8ada8fdfca2f097	f0b117afc3da63ddb81397a67919c93d693f47702d2c281da8a782a8d58530ac
mem_20260830_bektiki_v_tekstakh_brifov_ispolnyayutsya_1437ef	lesson	proposed	5eaf916fdc744488e6e4d3be35150ffd10d057dec43fd9b7ff4bebf2d1f1093f	72c45b0004bc74730f9b295a6301b89ab59c084cb236782da04cbdbbdc685b07
mem_20260830_e2e_pryamaya_zapis_v_session_metrics_jso_adcee5	lesson	active	99413babbdb1d4ed6abee4b9c84c357c3ba91699c0cf6d2253e07a9ece3fe4ee	c64bb1ffffc8419820c057122d57f4d49e8c330ff869df84a2a10b94d2b090f0
mem_20260830_glob_tul_ne_matchit_dot_direktorii_patte_a5cae3	lesson	active	b3ecbf16a909ebfbe1bef8e55cd030a5d5c1d360bb95371e25dad583b101a3af	53c4d1c83f2b69e96b7d60b41ccf26f9899fef1cdfec2aca1db8f3bcd0be3162
mem_20260830_grep_s_path_na_fayl_ishchet_po_vsey_dire_fa53c8	lesson	active	be93b7dfd816d601854f31833c7819112b445869e4e8f45ad8a7cbbd6c7974a5	4fc5ba6aa7394c5e77ddc0187b78fa4dd9244221c74790c93e6855be48b7a051
mem_20260830_lovushka_vlozhennyy_deps_lock_withlock_s_a043f6	lesson	active	bab35dd05d1c108ccb6a031008b7ad5132503c6c33c586ea76d5455e1a0aa893	921b0c78d1e464cae99c64845e079899d438877a2a07a3f3e6bad513aa992ee5
mem_20260830_npm_run_script_v_proektakh_bez_package_j_78cc6a	lesson	proposed	6ef1d11df5d5408993ef2f279b752a47ac34051dc789974e0c90f6c856dbd361	ef1229130d18385d1b1c1332f8a1d3a6302c28201c27b7b1aee00a94d5a66f74
mem_20260830_npx_s_lokalnym_tarball_trebuet_file_pref_875f8d	lesson	active	bc90a278d09a24b2ddd55a3fa0692e484f3265a0a62389988da3ba45854c8c60	ca8f0060132f54ae64c3918d7c4e5436b9b0fc7cb4c4fd8b3072e46c8e2ccdb6
mem_20260830_odin_vorker_vladelets_na_svyazannyy_tsik_7a4efe	lesson	active	e852ce4080baa9e381c2623b31a67ea2685a3286747cc99d31eb51f8b41d7cc9	bc5a02f8e817968529769d4a25c24979ae13c23d79a1b9ebf6d4f0de98f94581
mem_20260830_revyu_diffov_patchashchikh_sushchestvuyu_b9de59	lesson	active	8f30521eae67c4c6c4e74549b487faa671c7b91a2f52e91e0d5b66039f24ec45	64decb0866539623b2ed345465d51e69b94ea8eba669583a839e714b3c8e7946
mem_20260830_samodostatochnye_testy_plaginov_spavnyas_14e321	lesson	active	688dec28d25378b855888526b8370c339de6cd48a9537742ff84ca562d9efc1b	22c6a1b136c9f7de8d0be89273389116784d513f5ddba38b14ccc0a4ee6d2d55
mem_20260830_tdd_po_planu_s_gotovym_kodom_vitest_ne_l_a21e4d	lesson	active	dd704eda7cac5342ce3f9bcf1987381987444fa4827d324e461f023f0288392e	3021ac04e9256fdde96a92a94f78c818ee02ec8697b55999a59fdf84fe7855f1
mem_20260830_udalenie_polya_obekta_pamyati_cherez_sto_4ca78e	lesson	active	b73d8ede225017f536a94784301dde48c39ee39ff084229c92f453ff128e674c	5dc59c9d57fe3aeb8be3341643aeb146010d40bd148097188c0b62ace1a9845e
mem_20260830_urok_glob_ne_vidit_dot_katalogi_wolf_v_p_b92c69	lesson	active	265a7f95f0d49b3ee432b62e838b090e5f8f750aac49a1ea4aa377c1af526d99	bdbb497fce90d5ddaaa60e62b8b1001451d86bd21d8804c4eb3707ad68ccbb0c
mem_20260830_urok_help_damp_cli_kak_edinstvennyy_isto_40d4a0	lesson	active	54dcab72c2c554d42138d2f187b8fb18cf4f5c9e7494f95bb07cf8b21d3b43c7	a2dbc5438eb1dfc1b073b12daf45e8cd6838db381fb80daac7a9f194f59e0dbc
mem_20260830_webfetch_github_releases_html_musor_dlya_da5600	lesson	active	9e5c1ee4e08db4689f85fea1e52fa63912e10973fd2c59bbd23a4e257cd01eb9	df0b797b4a4b86dfd4f437bcde78c083f19f9918258b10ed246306290981940c
mem_20260830_worktree_testy_zavisyat_ot_nezakommichen_d14c0d	lesson	active	9616183d239ec3da33e660f7cafae44c3939371b27560d0193257f276dada464	a9313c747584ef01d11b40265f0900b3c5ffb246911795654df76e625a296343
mem_20260831_agent_browser_skrinshoty_s_otnositelnym_08f551	lesson	active	f3580cb9ec1f129a18535b97dea1b3eaf0b131539063c026d530fc52a0143fa0	a8e9012a1943d0255703ae29bef4ee1e9c999b207b646c943185d28d7e618eef
mem_20260831_bounded_traversal_v_promptakh_issledovat_eeb725	lesson	active	6cd9b86e6033322cd7278eed6d5294d012ec608b9e859035785dae9ae8187165	e50fcdd496cef87791719f373ffb52af6b09def38118022e47680dfa65dbbf4a
mem_20260831_diagnoz_iz_brifa_sveryat_s_logom_3_permi_62da5b	lesson	active	9a31ec589f40b72af1eafdb0643c57c8e6222698c6ab276e99b19422ac111756	26d2da97e44cc4024c1ac3ce725271bc9979627e8b173a4ccda5969e202939e8
mem_20260831_dokumentatsiya_faktov_first_dampy_cli_v_abc361	lesson	active	3c0078af2d3464f6ba94ca6eee7923861975c92effaf12924492e4fcaaa83597	9db2ac5d5226a26f722f2fb933b4129c2cb8cabbad9c4ec927d48250db4f7d77
mem_20260831_e2e_integration_testy_spavnyashchie_wolf_4ed4aa	lesson	active	5cf17ef4cdab17f45463cd6cd947faee4e9036e7dc05a6c67555cad3146485bd	6e21347c5e2058ca58c7774cb7a039bc6129bc779290e23b1967a12ccc245363
mem_20260831_fakty_shriftov_favikona_wolf_dossier_con_8204b4	lesson	active	d3cf3d86f614c3f5b90ec5bbee50dece0ee2848e332291ca0d9e21f8af68f303	6851353483fa694ef97689a43af87830d9776c67afdf3a9fff7306fd17d28046
mem_20260831_glob_molcha_vozvrashchaet_empty_na_dot_k_cdd5b3	lesson	active	b615e19750e3336a043d8fb55a777e806afc26fdfd2c25ef4eef6f2dba2409cd	b81d8d6b628cf670655d7b0e2d6b5ec63ab99da4b34a4fd1892ce0f8de0a63cd
mem_20260831_glob_ne_matchit_dot_direktorii_proveryay_943519	lesson	active	5f75857aa465ed0d35e62cd2bf5ef806cd9d4e60ef68bac087c3565069ea65eb	34a0c88dc45c408b06618c83e3dbd2a2810036433e85cc36afc5245026e08ea4
mem_20260831_glob_tul_daet_lozhno_otritsatelnyy_rezul_ee75da	lesson	active	cdb25feeeb4f7920e1b77322aa76878f5f51b82202d82fa303e3fa41fb7ea190	4f708b7b2bec94b14eb70f01dd74b5c25ece2b35abf1fe6cbe538565e093f6b1
mem_20260831_index_fayl_divergence_search_daval_id_e2_cd501b	lesson	active	9588e9b11c3ea019b1a6d4204602146f19afdc8f885b8f2f5e0db80835f6b6fe	717335000970663df951a9ca30223c14bd070823c066c46902e85f5abea80b56
mem_20260831_krop_asseta_s_tekstom_yarkostnye_serii_p_a8086f	lesson	active	6677cb3fb77d1475ce33fee6b80dde199883e0c142e7b36028b4d6907b5a2c55	cfec9ea1387267297f6e6644a7222462c9980ee4804f5b74ee52b383582367b6
mem_20260831_lovushka_imya_paketa_mister_wolf_cli_bin_9c0bcd	lesson	active	52ec197f35e4fae46485e9ccdac0fb4cd0d67f1ab2266571988e8d54b5d237f6	26db9b3539497321937a17e560522edcc861e186bbda4970bd6e2f647295b0d6
mem_20260831_multi_linzovoe_revyu_chistye_sessii_linz_73af80	lesson	active	c8fe5fb9baa356a8b4533e0c538e09f469248a5f5656ea53302c49352a245d8a	7ed12d3982554a3618dd4c0db5ebe61c9cfbd2956a65b85e6cb4fdcaa531922c
mem_20260831_novye_fayly_v_korne_paketa_lomayut_e2e_d_1d38bf	lesson	active	0c98c4db65c577bfa16ba8d722c673d3db76cc45abf671189657fed72602e8fd	7f2efee68d5b003c7174c687b83ba1808b3508519efd7c5345c87e5731811701
mem_20260831_opyt_multi_linzovoe_revyu_dokumentov_che_deabfa	lesson	active	8dd10e2ed3f18bcb03c6b5fff47822ce62f199da44a83217738f91f0e7011156	6a097d8286f2678296f1bc014ce4add48bcb63e428a1e18b3ace1210b93ef0c6
mem_20260831_overlay_geometriya_zavisyashchaya_ot_kon_246914	lesson	active	576d64261acdc84d5541d4a3e56e9562e1f6e51d6ffea8f647af73222c3df091	b1a05d109976ba29017159a74d1bd86dcb5fd6e6de7774c79387caf1f3ccc211
mem_20260831_pikselnaya_rabota_s_izobrazheniyami_bez_438edb	lesson	active	079a8b8148ee8ca898579177cc31281eb1ec237802fff16aab7b5c07268fe4e2	7fba01ac2e939a9f0e9f84cb309f0cbfccb8bac6ce5c0b10b2a8bc26a900f863
mem_20260831_posle_dok_vorkerov_progonyat_prettier_wr_c074a8	lesson	active	db7e872d47e17d282c8d8b5d21f55098edbdacb5832dbef8cf44055b3e5d0c8d	5adb0fb870542725adf2bf1f94ce3bf036739df79351bca854f0825784d05e45
mem_20260831_pozitiv_polnyy_blok_instrumenty_diapazon_d2f81b	lesson	active	e3b805639c38a13e1c8a78c122c2c5c5b1449430ed028f9f7d5d7e22269594bd	801dae767a959137870e65024bb52c10fb9cb696c23a3ff8022d5d2e159243ec
mem_20260831_revizii_kontseptualnykh_dokumentov_szhat_84e848	lesson	active	e92c11993ded3f14c1258e60102bd8d3531a21ce6c42c904616471a878edb408	41efae25e8d33a500e68db86239547bb99aa1a4c9bd6b98c10bfee736b2c7b97
mem_20260831_skrinshot_payplayn_playwright_channel_ch_52af26	lesson	active	37905230eafa91bb21df5bd261cd0e16d7e9749ba1b4d52e3ef488dbe8abdc95	a225232dab6ea2b66d13976e3e23c7aeb798072dc21839ea897f52e3e028afe2
mem_20260831_skrinshoty_saytov_networkidle_ne_garanti_5a9897	lesson	active	9f142e3925ea410a1f04fecebbb97ef8a231bce72b01d8a6cc6f2d2fc0db682b	96d1f0e188351abf379fa1d5a00cb283e30bede60e8ec36432db7a4c56f8abe7
mem_20260831_urok_prompt_vorkeru_s_zapechennoy_dizayn_54d165	lesson	active	3decbf94f3e6e677b2034a371813815780e4039503e5997c17ea87a9ace41534	8c279349cbae3f3df1439ebf6b8d558da7ef40da17e722d0fa602ae1a756e76c
mem_20260831_vitepress_base_ne_primenyaetsya_k_head_s_0d17a7	lesson	active	229cf843ee546fd80cd3ff9307b4aad3c675e84b1e76c3415fe251386ac271ef	b9aa70e36f064ab09ae9f36cc5cb5954f9a248bfa752ab6db1e1d9a525f729a8
mem_20260831_vitepress_navbar_svg_logotip_s_currentco_5e20d7	lesson	active	cab5a8989ff7077eeedcb03379e879c0b49fcf80f1bfb65c22327a5f59bab657	4bf0ba6267c9cd112e4ec8753855896198a46816b69654a1aa06b92dc9acb4c5
mem_20260831_vitepress_reaktivnaya_lokal_computed_ned_32e236	lesson	active	d8209d8815a84273f91c9f7f438efd069fc93183b0f39163bb40fe1d33abe873	4d71110d5c00b16d2f45229c21e391e6467305e74affcdc1219766c88ed054d0
mem_20260831_vitepress_vphome_markdown_content_render_ead66f	lesson	active	fec8ec99547b52729e4e51ec34c2fb88e45ed07271003729c758c0a4a8273d6a	59c8a74f3dcde04b3e19f8bbd5264257e36e77315194b604362d62ce3e4b9463
mem_20260831_zsh_ne_splitit_var_po_slovam_dampy_cli_i_d67e2a	lesson	active	50cc499e3aacd172dfc388be17e20a12a296c9e52c292c8dc1ccb453e3bbfe47	24628ac4befce9c177e07b8521b923ac01d524c6dbf05b48ef1aaa57d0331068
mem_20260831_zsh_v_bash_tule_var_ne_splititsya_read_i_a5372b	lesson	active	6f041716d38670ce5fffa631c6a3a6e1973e0c09dac3f5c5859d78620051a5c4	38451749a50146b9f756fbd87ac2913926e4b4a0871880afc94b1ae581f82e00
mem_20260901_agent_browser_eval_trebuet_bare_vyrazhen_c74268	lesson	active	6860d78a9246381d7d7d254b60c338e146f21b785514d68ec1fda53a7e46b1c1	9318a67c989b823ddcfd0fd5dee8a90c0859db6b0ede79c0823489e54b8d848a
mem_20260901_defekt_kandidat_vitest_npm_run_check_pis_691369	lesson	active	05f19ab54a6e1cdc6bc53d0dae3fd46c45220a5539d1b382c2656f94de05332a	aab1c953aefdea4efc939205c51adc95cb1033b49a50a7ed69aa0bb116662f16
mem_20260901_dogfood_f4_i_f8_vosproizvedeny_na_chisto_fed394	lesson	active	7a51d7586af970aad7a6abcc330752f59bcbf5de425a8dcdb320d42fdc4b7ec2	d800ac03010155a85f6818a8356c9dc7cccf7e2af5198501995839a154205394
mem_20260901_dogfood_f9_f10_avto_dokumenty_lomayut_ne_e9a299	lesson	active	9f308019bed73252a45e0436aa987cf5bd9707e47225c97cdbf00d6d150ef85c	8c7d55e376b78b5742184a9b27d3c29a8d23bfce4e9c449c16be6178c0d6a14f
mem_20260901_dogfood_globalnoy_ustanovki_obnovlenie_i_930ef3	lesson	active	d6b38a23d232ae15ceb35a504dfb4df4928a90bb63578e971ef5196868554287	02eebfd7dde8260efbc9022f070a62da12271a8ff417728c94e498cc2734dcdc
mem_20260901_dogfood_stsenariy_2_bootstrap_svertka_st_3f2f35	lesson	active	8943bfd8d20f96190594e0c7e2bbda5c65aa4120a2acd72dd73c74295dfdb9a0	68a1e3a2f819008c5aa9a7df2f56c8e4a70c70eb83f1377d7c691828b5b25829
mem_20260901_dogfood_stsenariy_3_onbording_v2_all_pas_0bdaa7	lesson	active	b1566c2b4ec0b29508b330aae6bdbad7f0fffd7a4a6349b6f8e1e63868af752a	101e5a490e9cf6bee7c404857ee0d6964885399924b0ac9744478017f2f4acfe
mem_20260901_exit_code_posle_paypa_eto_exit_posledneg_8a67a4	lesson	active	1714ce1271997a026d32c2109e02096fa7e24a2db1c64a406c5327d7e55326db	dd94acbc0dd3df823cd8c6fdf62889250424a6ac3b0a71f72d86e5f7416b450a
mem_20260901_f14_bench_kharness_ne_izolirovan_i_ne_ub_4d3373	lesson	active	52616e0ff0143a957884c8423177650ccbcd479c65adaf9793b9a882abe4d574	3f2228f673496f3b87cb68dabf779990e13506f591f94a8f14f9c8bf82f8a7a6
mem_20260901_fakty_taksonomii_dlya_realizatsii_onboar_967f14	lesson	active	c798abc0d7979a36597e29f280aee73067ace1f1beae9456dc0075e2d1540ac2	1c68789b09020b824b235dbc2449c61fdfa601e66793bb605eaa385645883c3e
mem_20260901_lesson_prettier_write_na_templates_base_c24548	lesson	active	7d07f2a23fa63fe4e0d3be5d230ff02730f3e85ef1ff68da4311201f01397580	fa5a299abc3a6379c04cb37de8c2a337784840b6590840b4318f84ba49573c6a
mem_20260901_lovushka_bash_var_func_ne_mutiruet_massi_b840fa	lesson	active	3241745f4e90a8810943bec78b5cfaea11603820283f06e110fc13e0b4aea49f	68183324734cdb8980e9c7ac513b7361123e19816de24c985d6f7f4ac5fb0fc9
mem_20260901_lovushka_e2e_init_cli_zapusk_vitest_cher_79c01f	lesson	active	91ba93f07f895d94dc1cf8a53f47b4acc4373a0d639f020da4a2ee0c7e9b43de	92c0d7b820ec9e6f5812fab0663433f09c284433ef4f5ab5156d165b35be2c19
mem_20260901_lozhnaya_trevoga_apgreyd_neudachnyy_uv_c_5fb5dc	lesson	active	2b0c9fd077d0ca102ae17c393178c8548374b62caca2b652f5e5610cf5a6297c	e0e6e9fc617d8147d17c188f2ae1aaa92c5c3c1b3d8d0ec5f1f420f19db1658c
mem_20260901_povedencheskaya_proverka_inektsiy_openco_018a2e	lesson	active	17061bbf8888cca4160c556a190168bdc029bf6e0e07648738c482d98333f6a1	a80c64e3826c54b7710bbe5b145712b4ae3b6f1c9e8c231dbed67dd3ee349a57
mem_20260901_prompty_vorkerov_blok_instrumenty_s_yavn_2b533e	lesson	active	36601e3260128550b500e325ab017972e81e473011a2a40e41565a549fc19c62	a0c87efc31ab363c9f3bc276d9977947b0b56e7a8edb205041a30360803ce358
mem_20260901_protsedurnyy_trigger_w1_w4_podacha_zhalo_4c0eb8	lesson	active	def38652c4f1316c1c8e4a54ef262cec7af4b354b8c33598c1bd825aad461ee4	739c3aed94d22f0834f17238a3b21c26e4ef80eabe54ae273301513448e99e73
mem_20260901_proverka_otsutstviya_faylov_v_zsh_find_a_dba4ea	lesson	active	a20f272f2d541decc6ab2ed4a9540eb177e5609136df0481265e415adf86eafd	c27522272a63f98dc07f2b695688acf0d764250c2ac8de4c9100385d034d052e
mem_20260901_reliz_2_0_0_apgreyd_test_chisto_nakhodka_29eedb	lesson	active	f5710a771cccb532fe897d4c1110cfe3122bb0e094da4f1fa91d95f8fffe0c06	bea42b88e529ca30e90dfd8c7d628cda7e1864de2e1a91f39e4d6137b27da82a
mem_20260901_rtk_vyrezaet_merge_kommity_iz_git_log_re_fb3515	lesson	active	233c2340e22e085e1eb862e3bf13c9d25093eb823d88df4e67c1fe1129e010f2	478b628d63708845bd30b894a1f4479d2eda3f908fdb47b229b320914a24c40b
mem_20260901_skrinshot_geyty_vitepress_playwright_2_s_8e258a	lesson	active	07b5e52832aea414a0f2a1e84789cc3a19d333344381b31e3a448c19eb403b91	1be39492e411b22f407696b5cddea53e727f2781687fbe90b69ca4a351f51121
mem_20260901_skrinshoty_vitepress_sayta_url_lokaley_t_f4b95f	lesson	active	eef45b84adb3266d9bef84a5ace1cb31cc41a2a0e1d2fcc99e7b924636c91657	37128547b7c025c32371bdbf40b9530e604e456ec35eec7c8ff6da3b63aed9c8
mem_20260901_worktree_bez_node_modules_lomaet_docs_bu_5fc1b4	lesson	active	0db2b3d5826ecd9c63e8ce0b6176f5aa14314239a23e48ded792b61eae205f9d	87404e559ae649cffe99de4dc512d136572aadb78603d8d2490c206b2bfe0116
mem_20260902_blizkiy_vystrel_mr_wolf_v_npm_chuzhoy_pa_3c55a9	lesson	active	0c7d9e3b6a99cc28cc81668bf12345b254dbe4c079db92c46df22a947126646c	18f36c0fe5c3c9bc796591e41537b8c16db7bfb67c8c6b5912e7167cb72e0306
mem_20260902_brif_shablon_merge_no_ff_v_main_push_mai_a40f89	lesson	active	8f5e012a3fe986bbbd12e88d0eb779ba9ba7e625faeb32adca7e4fd0e3b9e595	beedb29e3770854fd247889d86562c57f20a0575eb8edf4f36cb1ea15901353f
mem_20260902_commander_v12_odnoimennaya_optsiya_rodit_e49c70	lesson	active	cf82c94d7c60b5646b93cc6caefb0918e69bbb46a9a00d0750d7b6df08331d11	478c03da7f84710d93f607b96bda0044ac187ca256ba7ff1b63b8fccf953cf38
mem_20260902_npm_trusted_publishing_privyazan_k_paket_9d1d4a	lesson	active	a38257e842dfb0ee5112cc008a158f408308bc611ceee203bb67764377d5e8b0	aa44299201d0118bf7ec612c902f543dd6c0d72a496a7acbc4bb2c66e3baa071
mem_20260902_ruchnye_fikstury_wolf_pamyati_created_at_f72ac5	lesson	active	3ebaf5f527312e1c38dd9564f25daa7b6af4113bb1d7206a269829e092244981	9709e047aa29fbb647ef63f8a541153de361166b919d4239ebd158659505d1f8
mem_20260902_smouk_reliza_wolf_upgrade_kuritsa_i_yayt_251c69	lesson	active	d2eb72b3974917ad4d6c792508c3b3694c52e1773d2c42950c645f6f7c446d09	36647172466a4f3b73227c4b4f24a7008189b94d8c3089b066658fc4f31e8cd7
mem_20260902_yaml_lovushka_gh_actions_vnutri_plain_ru_828af4	lesson	active	12c99ca1f6f0a67028a3e0d08bf887a8eb938ecb8df09d4caa0532e27c5099f5	65f4aff9ec115818360dcadd229a02efff68945ef90177966f874770719e4069
mem_20260903_audit_struktury_sayta_ls_a_skrytye_vitep_6908a4	lesson	active	ea9ec3d1d093393637cad8973d4e49770513a4d094cb37f41f6832f4de1b7843	24193464d3de91565db168d2e476f6bf939a659dc9226d535d27eb04289d82ba
mem_20260903_dokfud_lovushka_novaya_stranitsa_docs_si_68b4c0	lesson	active	25fa5ae096fe8c3880ea603c8b417275186a84ab7135208700d42a61da8b1907	97949ca92a625a2c8d0e5f2210fa57aff6e5cd40366b309aea0167049223e999
mem_20260903_exp_20260903_x1_a_b_wolf_vs_baseline_na_b5ca0e	lesson	superseded	a1415da3450e773042fbf885f1ddfaead5849afe91cb02350d4f7ce3f34e6279	dc59a864a1f4dfcb2abf8a52dcef702fb56d64fadfa1f09af9e357cad4710e58
mem_20260903_geyt_kirillitsy_v_strokakh_konechnyy_avt_626907	lesson	active	de71623e8d741cdda69dbae698d7c83f3e51674445e6bae8bbf71f4b8c586385	291642358784212660e8900a94ad1ae6aae7dee29eff2a0d463cabde5354ab3c
mem_20260903_init_po_oshibke_v_main_repo_agent_sputal_29dd4c	lesson	active	282eae82570d856a3c06d606808c884fa65e68865831e2c6c06e5b8db6f50fe2	caf1bd458a586bb44b100bd6a1acb2595222b4db4d451586159dc1fa6afa6736
mem_20260903_kartochki_stsenariev_sveryat_s_iskhodnik_eb36c6	lesson	active	01c501041499b42c26a645b20f2287dabeb38f49abf7410534715586f5a91056	7d99e77cc69047d5dca6d6951a264bf11f9e4d9a687b639bdf61c4aa0ad9c5ec
mem_20260903_listingi_koda_v_planakh_ne_progonyayutsy_024d3f	lesson	active	f4471a62d5160acda0b14e21313cad9ec8c752003c9f83309239da0eb8edad42	f3633401925e5c71d0a9f3d4733f40fbb22b79bc9fc2b41826b64994867b3183
mem_20260903_parallelnaya_avtorka_sektsiy_plana_kontr_d94416	lesson	active	ded01bdb008e27ebcc978240ef1c91f04413b2d8324ff90dd8cacc438ffb29e2	fe118c2106125607794f644b7a1b4a9812185b244cf0992928aed07c10b18c60
mem_20260903_posle_izmeneniya_polzovatelskikh_strok_g_c8df0a	lesson	active	12dc81668378d3820212dff718e264cbf218429d915f8c7bd8f76604e60e1b0f	583e254859ac81f2038bebfac94633b7cf02f86264f8ea790b3c67605ecbfee4
mem_20260903_pozitiv_brif_vorkera_ssylkoy_na_diapazon_aec4ca	lesson	active	a289fe14d165385cc4316f6c901e9147e1c62670944a92e27b92684fb7deb8a3	6e5e040c8304bb7270bcf5221881ef1bca56b2c40d6619ea7cd23910ff9f7314
mem_20260903_urok_reliza_2_2_1_e2e_vne_npm_run_check_3e8aca	lesson	active	71cfb99ffebfb87538cb57d83690c515ca755c031f62b3379bd368074bf47cb8	b694b5793f3b3e39ac4de4b83f187755a0e3aa659d36b893140b9a170875e86d
mem_20260903_worker_reviewer_na_dokumentakh_planakh_o_e14942	lesson	active	ccd72c77b0ac6d3a67a2652f5fa004a46852d050e2ecb1d747aec420c139c4da	9628b89022e1bdf03f6a0d4c515d51b049d0725656a88b234ae5b7a2552c7b86
mem_20260903_x1_verdikt_na_mikrozadachakh_wolf_dorozh_e5a3f4	lesson	active	353a4ba07bd85be0d0b75bd1ed3b217f41259e59e1f0831b8291e6e565e5a2be	14cbc5488ae5d5d126972b948c43455983da2820404ee9717fec8dc64011e20e
mem_20260904_commander_bare_parseint_v_option_beret_d_50b356	lesson	active	1c6056bf6a7e3c223d1c89ea352cf1a72ce3541cc65f13659c6f06833bfb309e	8b628f39c458a6901432c34e4a519361df9dcefb7e0b7e8d03c802a36208919f
mem_20260904_deny_wolf_tulov_prefiksa_dva_wolf_i_mr_w_c7d3cc	lesson	active	53f27ef3d96c227cb4db8a77f9177415613d2c43e192792dd2d169f3f055564a	f0398b3a95a3b6e0ff1b47b8b5572fd126ce9b5b184304ba4c120a96732b6d8c
mem_20260904_distsiplina_zakrytiya_blokerov_resolve_b_6ed624	lesson	active	f2a38a4af49b7c2a9fb0e8cfc8e7f2c697d0d921c6aed010a46d6320002f0a73	ab2cfdffaf722fc6985cced761d9a365bff956953d49abb566a3b37c1967c4a3
mem_20260904_e2e_testy_wolf_vitest_trebuet_tests_e2e_d31df1	lesson	active	9d249e610a920e3990cd05dea5a4661d08d9cba764231653bc62ce6da692965f	9fd0d124a1faebe3061026d2044bf90e873838666071ac36a6a45ba41364ba90
mem_20260904_edinitsa_scheta_llm_byudzheta_zapusk_lau_d59e70	lesson	active	df029e6c0c0f312ff280b16d8adbb32667c1b24aecfe64411417a37c105e18d4	bfcac37d4e58dfd062edb9e127985f8f25b1c3fc50d1490b4472e12130a5b88c
mem_20260904_edit_tul_vstavlyaet_nul_bayty_v_dlinnye_d05c4c	lesson	active	a66365b38a5e5b339962683ae2daabd24d400dc621609c3d5ed1cfdd53170ebb	2fd2135e8fe8e9323daf647adfb0d62196b300fc99bb4bfb948bc002715bc0a6
mem_20260904_lokalnoe_vosproizvedenie_ci_komandy_do_p_fa2032	lesson	active	17600a71d26f8ca2fb7822b973305f25f3901b38496eaa000d55e0a1f722c466	6b5f93812f8974a3b172d38e23c57e58dc81d71085b6fa912b1dfc4ae1120ed5
mem_20260904_lovushka_fakt_cheka_cli_v_mister_wolf_di_aaa016	lesson	active	91f7c6836a0108797f387c7638dda3e16397e65514458647b4a4b8d11e201794	6b031675a2d363340df1fa75b8f897804e9a11939908e8a3b8c0704f4daddb5c
mem_20260904_mcp_sdk_v2_telemetriya_vokrug_handler_a_69617e	lesson	active	841068379e1e6a32ae7cb73a842bdc52b04fc20680d0f96968b3bdf095a39b12	525c96c47de574782d70dce1ad6fbccc6fec4ef896a9981e3788298064e43d47
mem_20260904_metriki_headless_opencode_tool_use_vlozh_9b86dd	lesson	active	167c6367a3e2f9c412b17b50c667be0f44daf0e0ed4fdc85543d3758a1127c3a	746c7b43263c56775a7097b774ea834110567d5e2bf66d1b556ee8ed69d13d0f
mem_20260904_npm_audit_bulk_post_visit_npm_ustanovki_ed27e3	lesson	active	17f4d65062e9398fd6c00207d2ca29f4b75b721c74a9122574c8c867758aa19d	df6f332157547f5998ce416f3062174d1541571555c44925c072ce6460691526
mem_20260904_parallelnye_vorkery_s_peresekayushchimsy_fe2f5a	lesson	active	eb2840f5d1d014a2bd290b5069ebe8cb283086a8d13336728b9840d9882671fe	8f9cce5c47eeb881ee713216874095e2cdb1d5b0adfad536f00d127c9b73609a
mem_20260904_parallelnye_vorkery_v_obshchem_worktree_0f2252	lesson	active	2fcda3d4bd16e26c239619fa25ccf20c9c63476d41b08a1c1101dff232829bd9	c4db181bb3645271edcedb2ce18988522e0d0c6e38283a1ebb4377f53e4fc82c
mem_20260904_parallelnye_vorkery_v_obshchem_worktree_286f36	lesson	active	4c5127ac606645a46de990c61ce72b382286ff179811c16156469291c972f263	6ced992876177b704d76c0c80d8d4eaa8f25c40f065b521f705fa9683ce30bea
mem_20260904_revyu_read_only_komand_pri_zhivom_wolf_k_1646ef	lesson	active	331d42940262a4fd7142ec44c52578c3611f4422648e39b7de4c272b883badb3	108f504273f3bbdbcbf5dea55a48832ff2ba0aef8e82a19f53e87a0817ca79d6
mem_20260904_worktree_lovushka_untracked_vkhody_ne_po_419efd	lesson	active	4973769f10a1c961cca80bbcc667e135c99507313b9919ea786257d012d2b3bb	97bf6eb34b45c1db4b26d63ddc6cc1be72d7aea1928f91d5ab489bcc1d5f9e59
mem_20260905_format_dreyf_dokov_blokiruet_reliznyy_ge_7aaf94	lesson	active	b866b3b0e60cd33907a623dd73f09bf49547ce5ab038ab9ac80b1909463ba815	daf3e324782a0eb64a511ceabbb2015ac8adf5f2e891c25a9259e7d932c70412
mem_20260905_polnyy_end_to_end_gate_progon_sborki_lov_51d253	lesson	active	7d9cd5e0a8d110a8d1e598e75c8fca88cbc88b9df0898600894b8366c03d5a69	e0c2cd034e5348d5bebef8ca37efaf2d41d2e53c337f67866f0c363e0cb8e738
mem_20260905_rg_rn_molcha_podmenyaet_sovpadeniya_na_n_002f5e	lesson	active	27988ecb8280a4c1c68475a49ab485e81b3e278fd9177aee3c5adaf689daa1bb	fb81cb5111d65799cf1ac3a75a910c37a484825ca8432bf5a13e94e02ec74884
mem_20260905_vitepress_build_besplatnyy_geyt_mertvykh_8f9df0	lesson	active	29389433c8f3e0f6d88b28f0ff61742f55983a5709fb1f1badcc2962e696bdb1	c845b8d57c95f56bee40edb8e51c85d8e75c52feb8470c4a047be5089a07d78f
mem_20260905_wolf_sdd_kriterii_priemki_speki_perenosy_a514d1	lesson	active	fd483da30f2b42e41dd9827885159a9126ba566b44fc363305ae3889e0544ddd	acf24aa37f68764f4606ac68e8c23a95a1e995981342165eff0f758409db36ec
mem_20260905_zsh_equals_expansion_v_echo_razdelitelya_641711	lesson	active	5273d0977c35b9bb3fb28439843824728a2269d47beec265e3e89431c2c02731	a57e24149976dd261ed617714e1310036c2be82a77e09652b1fcf9e4a150965e
mem_20260906_instrument_headless_progonov_opencode_de_2fdb58	lesson	active	337c3d6ee789c3e34bf270bb40cdbf3f161f41262247826577369dd5cbace0ba	4e0690caf9e9ffa140e6d00b3aea764402015bf4229d9ad523abe8a7fb809ee2
mem_20260906_revyu_artefaktov_proveryat_git_ls_files_fe736d	lesson	active	b128717643ea2b232e69b96fc20572ed22be6579369f9ccf20185a96496f3266	e9d38ffa09863bf10dd7a47e9dff9ec852e3bf637d72bb99e66863a27fa763a6
mem_20260907_env_izolyatsiya_ne_tranzitivna_dlya_doch_578790	lesson	active	4c16ce3b82afd1e8df40bd47acfbc796c5579d015b5bd5d242e639cecdcdaf86	89a58d2a2177c74b673ebef821961ec19078644d4c4bc2a9535324873607be62
mem_20260928_bash_tul_ne_sokhranyaet_cwd_mezhdu_vyzov_cbb2f4	lesson	active	3bf016d863506cb4c2fc4fd298a8502efadb43c35bc4076ef389c044e3c8ad2f	d5f10468a01af100a29ffafa38e0515faca591fb37ce05f1cb25b4478727e5d1
mem_20260928_e2e_plaginov_i_staging_proverki_path_shi_c37240	lesson	active	8957554a6b728f15757e17c6827ccfb185d915dcf642cb74e5f4e56701803446	b0394f621da4729009d3ece6899f94b8cae3a165a7c49f760f53e76f9c37b482
mem_20260928_mcp_sdk_obertka_inputschema_cherez_stand_03a254	lesson	active	7a294252c3327b59d6e7765e68b9eba5bb21bdac44d341411f3a0a019367ac46	5f4fd4b6bfdb7aba3b46c7b082b87cdc1a3b281639aa65e3a953480835cf2892
mem_20260928_nohup_logi_v_tmp_imenuy_unikalno_na_poto_ec1f9e	lesson	active	e14d38bab3756e7a57aa39f8e999880885cbfae8162369a67ee3a2d0e6638ee3	0dbecc211ae28446b9fde4c8b328ad314c14e98eec089c6751d2b429d7782295
mem_20260928_npm_run_e2e_29_min_prevyshaet_900s_tayma_7a8b56	lesson	active	66f001b9c4b0d889197f50a76b2360d772e9fb89f0c0eb69e4d97b492f4b8db8	dfbd65aa72ae03ab4dd324a6433e4d45ed9a9c65392b642ebfd955f78ab570de
mem_20260928_revyu_v_worktree_node_modules_net_zavisi_0f9d1c	lesson	active	2f116a8bca678474fcc12261b0db7b95f35d64d70dd1d65d36a334f513a2a551	f625cc62e140d7b1e12a95209a79ea5dbaed6178d646a82e9da623cac1d5e94c
mem_20260928_verifitsiruy_fayl_ne_sushchestvuet_lichn_45f653	lesson	active	bfed44545f4d4c414ccf1eba3342747fc14d84de4a3cae9a67fee66b3fbcf12e	d98e20889458b215ec561b8e0dcd447ec535de85ba7a2f28961bcaddf15ee50a
mem_20260928_yunit_testy_plaginov_importiruyushchie_d_df2af6	lesson	active	eb8ce9bd8ab056df0d08f823abb04f9d07288f8ac42a8d1c8a975e8bb27a3d4b	454dfbee54613a94b4d40d9b58bc6e8254f4996accda9d5f620733ffbd0c77a4
mem_20260929_bash_tul_na_macos_workdir_tmp_valid_notf_6c69a4	lesson	active	753fc42492b3c6f05928b80ee63de19050528806cf070b4ef1908cdd0dd004fc	fe52ee03451c0ab40b70b389fa78f11037e8287b287c27684687e5b9cf6ada51
mem_20260929_commander_addhelpcommand_command_ne_regi_eaed83	lesson	active	fb39385ee6aaa5a348454cd181e20881772e22e53039820414dcf8d31cc59292	e810b7e790caf01618a880c7b833c4c131816577fe7dd85bac22957fb99f5570
mem_20260929_commander_v12_kastomnyy_help_override_he_dd36a1	lesson	active	d803bd525a1ad4877078b3605a06c9a56f8081093521e31f3e3943cb76497c14	32cf2a6371d13829ca03d1732f2973cfb120204f6be7443d54ce1b7bdb7d351d
mem_20260929_edit_tul_tikho_sedaet_blizkie_stroki_poc_5e5dc8	lesson	active	904f2bca791b3665609fdefbc0a53e05e6a9acb995aacd328342fcdf8c529e4b	e5ab51ba719b0331fe9d1c9d1dbbbd8b0a4a408144f000de4085c8a0471f8c9c
mem_20260929_podschet_fs_readfilesync_v_testakh_vi_mo_66f3e0	lesson	active	b0a3152738ca1b2003948b676a722c6a71a4612e739db8f6aa6a2a16d40d8e73	3042178a3be4ba4151a470ae35a3663f4d4e3ac7721410bf5cfa2130241f6a9d
mem_20260929_prettier_write_portit_podcherkivaniya_v_4ec428	lesson	active	a40b50da83a305b44a4d2da54a52260e1c8e4d727ba5c58e4a46c4e1d21c9f21	8aa35e4797ffc06be83cb42d91162720824c3d5c2ec27956b3f52a1d19f6e16d
mem_20260929_read_grep_obrezayut_stroki_2000_simvolov_7b4e61	lesson	active	d66ff45cf8e7420bea649ab5cbe1b03e3db21ec4fc97da9d95c7af5f9e0059d4	e864fa2cf03d5d38acbfbd6f8d1d2f3f6b5d15ef5a54eec37a667f4e20d1957c
mem_20260929_revyu_markdown_ekranirovaniya_sveryay_sy_ce9d26	lesson	active	751ef62b4e818fc9d5566a0401ca8869d2401a0f16b6c14a63f689ee367cbbfa	a0f8371561e6db7b1cdc0cd453f9547a7134b6e47b38152bbb884c5e029879da
mem_20260929_worktree_prettier_i_npm_run_check_gonyat_da2f16	lesson	active	6fbe6010876f517ea7702ac107d49277cf1fedc20ab92fe06424e81b248a3041	947194016351b964f12ea5c6c5c9b14ac9f70095a30b1dbaf2a407e5c42a0cd5
mem_20260929_zamery_cli_taymingov_srazu_posle_e2e_pro_7bb5f7	lesson	active	d16f405d958990183015cac9ac1987cee70ecfaf6a3192214fbb9a8d54e5b146	8eb98fc190e9a309b38a2e59f873778f68e725299129fc14871e5c54c5ac6bea
mem_20260929_zod_strip_lovushka_tipovye_skhemy_rezhut_fdad4b	lesson	active	284e57cae2d4eef19c494a4a628ec1aead6d55613114f849edbc995579bcb41c	5ad3ec75306ad313ac2460afaad23b72883846b74b74f5efde8c78d50f33d3e5
mem_20260629_rebuild_index_ad5b85	open-question	completed	698c4c7dfa9e6e03ae003d90e5b5b4931ccaf07208b89a57d006252a03ebe2a4	ca60ad5735e510b99c1a3a9deb93cd6aed1a098fa8036bfbde2a18315d285736
mem_20260629_scan_90ee78	open-question	completed	e79cbbab8e25892540d62516ce3cbf78456edb48c05b10d3714cf9b3e7188d50	d4e56f98da9f2906a01e84a6070b4aadbf631d7277b3b880fa969bd4ff8b1292
mem_20260824_toolstats_79201b	context	obsolete	7e29ade83b76f533536efe747b704c1c7ef75545bcbee9be68b58004b232cecd	da6d31044e867b578d30b9976ccc66c9e63820d4cd0e053bf46e186aef093b57
mem_20260825__5fe8df	open-question	obsolete	8829e33a81745bb0b946a3a799bee5966aac4fc9a05d67fdd15f84e5819e198b	1a61508004c3e2dbe0c8fddac3dc3d1502acb15dfca3209e4db22db30dddf7d1
mem_20260830_reestr_vneshnikh_issledovaniy_samoobuche_da0c4c	context	active	5b8f9707901ec36a34dff6e5d254b2d398443d353c56c54709e59f70d8e9b703	9c767bc5368453d53b9232095a5d2434e56a56accb141830e085e069547ea4a2
mem_20260830_svodka_sessiy_23_26_08_034e8f	context	active	0bdb22f4557b9ac01d0a793fe21fa0025fc4f458253519380fe383f1e0dbf5f5	11cbb09e4947029aec76820cec31f455c7bbe62d82da7cee42923e49054da5c5
mem_20260830_svodka_sessiy_26_30_08_2b7328	context	active	acb5bc3e53d1da837aebfb0ee8f18981edd60729748dc2db72cb56d794093351	8160e879a84747ee1daef39d373cb3f597ae0dc69a6f9720cd46dd4d02a44aa6
project-scan-latest	context	active	8d3e5cb65ed7571a7a0836fe1fc6b9de5bfb3c54aec0722d04684a6d6961886a	8144a36458afd0670ca5cdc3abc7a864923ea9911e6ef6141ac9b72fc4ace82b
mem_20260829_apprentice_playbook_v1_analiz_dokumenta_aa9e4b	playbook	superseded	1ba86df2d2f54eb0faa45e65ed78c6f4640495b7f435f518872aa90d452cadae	adccd202f52252ec97d4d5ccd4654455ca1c975cd58f0409f5e4129446dd8980
mem_20260829_apprentice_playbook_v2_analiz_dokumenta_bf6d15	playbook	superseded	7e4434f7150e8c86d7489bfc66003862a7ba150597727f6369a57a77f757118e	b27ce40293402d1ef17a3cefbb2cee772684b94ad1af445a711d0e620ceb5b29
mem_20260829_apprentice_playbook_v3_analiz_dokumenta_ad76f3	playbook	superseded	8a497ba431c71196f89674e6fea6fe033b1a13e53b8bf744632e6e2576399343	3312c4708ddd4808bf350ae2bf0bcfa6bc08e0079e0c6d784270a94e4b862bf4
mem_20260829_apprentice_playbook_v4_lean_format_otvet_957ba5	playbook	active	e85d3d1dccc76b8c411a4cf5e3baeacf174dbeb6a4f5945e310c63f6ef1a090b	f6d0eeba98f2e64bf8fb151b4a3df96be87ace098dafdb5780435467fa81b32a
mem_20260829_steward_kontekst_nastavnik_mutatsiya_kon_25fd07	playbook	active	0cba4acca795767e8270f33094d42dc41c42c0187c8e56800e08401d30dc5698	573b1f409103e521f5cbb3c76aabff5c3be5f28d3848cd640d2f347f028f1462
mem_20260901_nastavnik_v1_protokol_mutatsii_playbook_f8f600	playbook	active	6fa7b2caf81b81fea3d78eb29e42866e5dbcc6ceb9431764ab490c680f846cc7	78c2d6d88b6e120e4f011be59891dd68287c23375ebaaa4396f80f9654643e0c
mem_20260901_wolf_review_linzy_v1_poryadok_kontrakty_547f4b	playbook	active	36eec90caa8093fbc7ee10976ae01565acff37bfd0f1dcafba441a439721d056	cfa719fb1e501f608a84a9fe06d7b305ef41d5788cee807301583faaf2cff63a
mem_20260901_worker_implementer_playbook_v1_metodika_cf8bad	playbook	active	0826a5bb127743a1f2152284ae09df6ae6f18c664e12b51997f76b7b3e4d0c96	66c708f23bcaf61ed6089951aacc14efe9b308e4435267329c3e894f3c9f49f1
mem_20260901_worker_researcher_playbook_v1_metodika_a_0bd22f	playbook	active	a4c364d2c653a63a98616a82b343f4ce1f3d48e10853e718c653adbefc549623	5674be37cba25fe4e0471a9725ec0fe1c1f1561092736bc7ed145a46b3aa4e04
mem_20260901_worker_reviewer_playbook_v1_zony_obzora_6c6aa6	playbook	active	2c5537f8879a19a14aee5e208489cc369dad22383a1c7dafe63f745a0280f2b5	564ddcfc9aec4d4e380a990756c97512322e84dfb909613cc17631f0f8c40f39
mem_20260901_zhalobnyy_protokol_v2_podacha_i_triazh_fd749d	playbook	active	2be63976b2c6b248b9190e012ebf2340fed79dd33c8cf5303bf64fc3390e51af	38f63fcec9ac4fc82f8a7b9e10e64c470b2a540ad3ccaff1456cc27d3ad9d256
mem_20260703_update_project_docs_after_every_implemen_53189e	rule	superseded	31d4a39011d81022828952d847331b3323705c9ad98216d8e5a1d1deb8df87e0	53ce1079e5966c6672f4e5cce073f22df360b6b925dcd21962d96a208fa6c110
mem_20260823__c93eac	rule	active	ec601ba2618a9dad9a5bf8d243a538a6fcc89bb152e3f2f66631e670e899fbf3	da1aa87b20ba6645daf2cfb0c69d50f7d59d88dc975318bc18065bb26ec080a8
mem_20260823_e2e_5459cc	rule	active	a35a398d9b96f09dbba4aae59d3e06afa4ace28421da15a1a1d267bb770cacbe	c8531c3f42ac2b01bc8845f1c3e7f8be39523cfaba13d922ccbe47805e6c9572
mem_20260823_git_flow_dev_6121f5	rule	superseded	ab41f97f17f271809ed9096c697467c6cca6d571a92d0a0176487bd41314f971	6cca3ea8ef4be6801884c90c02a5ab0800b9fd975444b6dd387d0670b182cfd5
mem_20260824__57537b	rule	superseded	c2df424a98ad208668c36b5b23a0d001d0e3fe0aab3d4cf231312bef553e1e40	2e82a26703514603fc3a544553e345cc2d27d5de3162dca480acb5a0ee086a2f
mem_20260824__b29ad5	rule	active	48d0bf84ea12bd1a5b5bce227698030b7092ad8d4891baf19716bac8f790759b	9824821423204221307669a8fdbd0fed7609e3a9441ec46c8f0134382db95979
mem_20260824__d072b4	rule	active	31fce16ceee1657879503e059cee25d1a641266e32cb7089977340a8279a4b5b	dec7c7e39451862cd1ecd0f311d359fc7d4a946692072fefc20ba9aa403904f8
mem_20260824_open_question_d92ca1	rule	active	caebffe9c825991cf9370f6a14757cfd683ba1f9d56b722af7dd3f0388d705e9	e36a95fad55e3386f160dd242c5e66f97409fb67ffab4ce1c01bea6f320bfd6e
mem_20260825__16322d	rule	active	2c1c3b5537f6fa3a07876d0d9569c459044405be3c4b534c417f491c7c7144ef	7c1b85476bf360d888660e65ffd3e2fd5e715cd74932a9a90cf87fa092c72c72
mem_20260825__bb3e6b	rule	superseded	f24e748ec4bcf6ab8e95007f534a61b28022726f71c660e6ed212e29b6d981e1	fcab76853b24aea8aa16047e236a847fe3c53064b52a2a7e27ba2eac561e6523
mem_20260825_wolf_b11640	rule	active	701a0a15ffbc8ddb55b22268cf2aa0efffbd54831e5278e76746766954b8fe2f	a8f1a52963a31566be3e91aa44d1d4e5bff3d5557d52fc900b700e41d3a52f03
mem_20260827_worktree_vnutri_proekta_worktrees_imya_z_18f1d1	rule	active	7d4d7e68801fa9d254cf4c57966abe3f542c58bd3a7dacab932617867ee9a103	10b277ce25a2a31626ea977b5283218d76021f9168d51dd90e7fd3661711a9ba
mem_20260828_apprentice_playbook_v1_analiz_dokumenta_55f987	rule	superseded	33b83172219c569b1a78c8fdd80ea51caa895d12c0c772caa956603a7c657689	da429aa2ae13085601af098bdab43ed11023cc145b9bfca99ecc90209b80ffcb
mem_20260828_apprentice_playbook_v2_analiz_dokumenta_2b8878	rule	superseded	987e62f5c730ee9689cd18fc1a37ba13e47be4abcbaab3ce26b425abd22d8263	82a5babf05e6b3292f0625b7c041279eb24144779f32051a7d9caea6f1722bff
mem_20260828_apprentice_playbook_v3_analiz_dokumenta_24c877	rule	superseded	db73e1f67bd04cea656037aa0f405516d0fcf893112621ec95ecc0b91137e479	1b6bcd2cfe181eae203d33a973e2408af6e9cdb8535f2241c97825754ddffe7c
mem_20260829_apprentice_playbook_v4_lean_format_otvet_b00feb	rule	superseded	4463c71cb2599a3f45c6ef994a7e69780a57bb9b50fa3fb0bd123c404f618d58	6103d59e0a5adc82443811473e5f420c13868e105a3c7c57c390cd70c501daa0
mem_20260829_llm_routing_v1_wolf_router_auto_zai_codi_966883	rule	superseded	5adaa1990053fdc62ff2f502d9195d7932676442e92d00d2769123a7e38d9bb1	690fb65ac4b938e10997bbba4e0792108667564822fac7531fe36919bad0c0b8
mem_20260829_llm_routing_v2_wolf_router_auto_zai_codi_51652f	rule	active	b4b79d4a5a24b7cd0dc7741b7871bbcbd992ddeab73c4ffe5bed97d56db81276	57d6927e726530dddf1e80b6cbe21b9d0bbcd4cdfd66325d77b78f734e94fc2f
mem_20260829_steward_kontekst_nastavnik_mutatsiya_kon_fede37	rule	superseded	c0e40bac34d085d5916082dec45c611c5c91b54175c062f91f2d7d16ea46f81e	6b38d1bda1d863d7203249de0eb09e570db8678b620a5e10c230cd5ee56dccd3
mem_20260830_search_before_write_pered_novym_skriptom_1c2d5f	rule	active	e8dab06d7b9f818e19233764714f266ebef7f04e4809414e1efb4ae427762775	3e138c394417b11d6cb4bc7fb1096dcc28e5c583b745d17335f2e359c35a7690
mem_20260831_git_flow_trunk_based_main_istina_rabota_9be046	rule	active	dd5e9f3382f941e49e02110f8f7e0f1a4a9ec83b8e587290d9f54c911426c091	6cfc38ee96293f89e35333e119abbe842c615ed22fd5017acb6adaa623219e2f
mem_20260831_vedenie_versiy_package_json_edinstvennyy_004788	rule	active	770bd5084be59a46090eb5e286b3979d707af6018417023a7bba5487468134f6	983dac058417c834ea7f3734289819e963166f59d4208f8388b1b29a1393862d
mem_20260831_yazyki_dokumentatsii_en_vitrina_ru_vnutr_5422a2	rule	active	2fe4531c85b2804f678ec888857f2074e25f986abc8ff9ef7ff98c8b0b15393b	fc2be1c4ea6ca4cc8439d42723dd7cca49b1241c548fcef5da645fdc019a3b0d
mem_20260901_pamyat_ploshchadki_neprikosnovenna_dlya_2ad587	rule	active	52bede424927df5e4abc799f302eb4321375bd64c07861e1701088f3e757e2a1	43b08dacdac032ef2cd1b9494cba1a89768073badd5aea1d2a10ae7360637ab9
mem_20260901_potoki_zapisok_ploshchadki_dogfuding_zam_6f0034	rule	superseded	0efc28d2d741dd7cac4dca63e4706138ef4780d732c5cb03163bb2bc8f3f0b25	b1e0638dbca22b3a622ee8edba95b41278840ce4dc1e24ecb32726654c9b104b
mem_20260901_routing_modeli_agentov_04da82	rule	active	6d3921cf75b63172316df3f4e7a37aa82fc41479dcd7c779425c27546044b8a5	77472a15e87f3d3ab4547f4a409340346e2eb3e7e519641bcfce97f206203612
mem_20260901_vremennye_fayly_sistemnyy_tmp_razreshen_4a8400	rule	active	92b08a1444164d18b5353149e27e625fde354102ab356dc2fa1b8426d07a3799	e69126e205f193cb0ed36282d8770f973dbd087acd7ff9e71b0e8d49ea5e1b80
mem_20260903_rol_wolf_ne_ispolnyat_lichno_tolko_dispe_e95317	rule	active	6e2ddedc719a415e6b8b8da8758b35f567008e023e73544aa62c17c2c1ca256f	1afe2b12dd41b82167cecb6c2168a9c4bc12c4d5bc72d222884a2f7391ee69e4
mem_20260908_marshrut_konveyera_fiksiruetsya_v_produc_6d2dd5	rule	active	6d454bc2fdf3876c3b2ba411025252ded8e2933bc0ead8e4b71a7a24debdef44	7e5acd4b6956eec874ac8f16acc141800d4fe1a7da2d1e66e2b54bdecf09ce77
mem_20260908_pravka_artefakta_konveyera_pererevyu_po_51b7ba	rule	active	aeee5d1c4bc1c2f599771f0c3bc8dce017f8f59376e49ba8ef2f81be06cf2009	4075925e5c064638daab0c54e889ead5bb7ae7851b3333d0db6d4a962f749613
mem_20260908_snippety_konveyera_patterny_i_kontrakty_2b1cf2	rule	active	c0e40162da815543d3e2c4dbfbd0148aa7c1b195587a4d69d4e6652093d6b15e	de110b50a6c6e32f29b98b63aad8ec5eda3a1b5434f43899216fe2aa051b4ef9
mem_20260928_aktualnost_dokumentatsii_i_sayta_pri_kaz_fb4166	rule	active	10107c6363f7af22820885966d475686340ad702178ce5da5bcdc1f884aa08b7	ce1ecb4e67e1d138780a571c78f188197a437eefb0985761ea83e069945f5326
mem_20260929_kazhdyy_plan_volny_soderzhit_razdel_doku_cc1ee4	rule	active	f98afc4642ebde239005665d6dd81c0169579447061d4869463f8f56c90446f3	6f0ac1be28ea834615120a1cffe4333bceedd676d5d84bb7cd8cc276a2309065
mem_20260929_sayt_soderzhit_stranitsu_changelog_s_ist_c0ac8b	rule	active	6aece84a65dd1a182bd060496a3e17a3b7b91b5c0977d314036d46a2a249ee9d	05caf907a1570353319403ccede79547bd30cdb7db7861439111d8e9c3ff0e91
mem_20260629_mvp_a_mvp_b_10e6ed	session-summary	superseded	e331d2353e5d486e7ff724cd7f4963772c532e101c3f10dbc8e40ddb3946697e	42b8e4d9ecf0b9d5881e6e81b4199298a631395b4616c82283c606bb3ab1bd7a
mem_20260629_ponytail_plugin_main_memory_md_6e1f76	session-summary	archived	fbb6c3eff70b68bc3a5b6bddd75703a0ad81deb8808be698f431496c9b9310cf	88c747f5ac4ba0367a445830ab36fc9014d783903795b978c2fcd96da718a40d
mem_20260630_session_2026_06_30_onboarding_phase_2_fa39d8	session-summary	archived	e6ab5334ee028783e6a11ab2b15d802dea18bb2ed0ef61db785e1e80c3303fc1	58a5c9ecdf2928f4633732c627e5c47ff510d9e62c2f2eb6f7131bf5ff898d66
mem_20260701_session_2026_07_02_closed_incremental_in_1908f8	session-summary	archived	adbac07f56c11625d162efadbaf476a162686ad48df0f04eef3cb4e455a9d34c	55a3f7713c49ee157adcc969e88aeef3c1a926facb7e0b89bf3122abe089f7a8
mem_20260702_session_2026_07_02_shipped_session_wrap__c16729	session-summary	archived	68f75e0f5be44965bf73afb9db9f32475b3b90b39aabff01b975f8339579199a	d5321746ede6770464384b9e4b0fc86c667a1abb51187365942ffb6c9ffa3b95
mem_20260726_session_wrap_up_2026_07_26_21_05_03b7e9	session-summary	archived	e789e82a15ab551be60e2b5d8a7efde07f9a83c7c82ef609ed9015775c86801c	fc9fa735975ae283f12be781f9cd1ba2190758ba461cd32393d3878c5430d44d
mem_20260818_session_wrap_up_2026_08_18_17_18_ba0ac3	session-summary	archived	a36be96d2bbcd2b3be9d9ca47b034f97d4c5baae30bc4ef7dcdc2c5a80b6c651	f5e48f83a50ba996db20ff563ef243dea655bb68143783a36fec9eff934be5bb
mem_20260818_session_wrap_up_2026_08_18_17_27_97a2a0	session-summary	archived	ffa05e0cb8d579f645e74aaa41e7ea24d9ea4d853b8402c84564a373ebd9709d	2b7ce1a9cf0ef608d18380d9ea66b7cee5a6d296e767ee020a6b3276a9ce8de2
mem_20260818_session_wrap_up_2026_08_18_17_39_a07008	session-summary	archived	5209024ab9e8b265a9a4f2ea36312f6e00b48abc1b3b7ec6720c40ff545f58ae	337d1604f5fb2ec0b306ca1bddbfccd92d5e5f4f25cb6bed6388a1720e935b9f
mem_20260819_session_wrap_up_2026_08_19_04_18_821f95	session-summary	archived	c0ce8e66dbc36e3d26a1cfed28d4cc7808edd29dfc91d710417945649928fb34	f8a9968a908df6d037432412a28efa5bf47c1416eeea693842f1bcefba638e46
mem_20260819_session_wrap_up_2026_08_19_05_01_f5116f	session-summary	archived	fa61e8bac8e1a487c8c0c77c4e40f664329759f39c07b7bc27e2ff96bbcdc8c1	f66d3ea8a0a11dc6c53743bafb52954bf81ffa4300f0a05075912cb6c442181b
mem_20260823_session_wrap_up_2026_08_23_21_05_e8c6d0	session-summary	archived	9879c87ce301dba0399ece6aee492ad4e5842e3305a439764378cfbd8666057f	e47facd666c81f3e5f27c419a173c4fe81b83a10dfa05232094ee651cca61d11
mem_20260824_session_wrap_up_2026_08_24_06_53_a69b38	session-summary	archived	c044fdca1bf178e71d4489a77218d3e9e803be081a21f31799996e519701320b	56a770e95a5bca2fcf096ecb9374350a5b4ffa44f82f29f488e2cb63c65072c3
mem_20260824_session_wrap_up_2026_08_24_16_31_de23d7	session-summary	archived	c72927dfc1cebbe8fa072dcf8acaf4ab792bba6c60debcc7bf5780696b56a6fa	2711247e530c008d989ef9210a16bb279986b044713f7aefba96090afeb79743
mem_20260824_session_wrap_up_2026_08_24_18_32_ffcab5	session-summary	archived	2c497f4679d64f905f5baa55b4de46e1c37574f3d57a74db96d652cfb54629bc	a6595daf2409a277fe7710830fa00ed1fd17235a01eb2c379c03b1fffa23c7e9
mem_20260824_session_wrap_up_2026_08_24_19_30_876cf1	session-summary	archived	b27b2a12d4396c494ae18f3d604d8d7a163ec6bc816b202eccd364a943b42362	9e305ff52db2862bea0f7505620c8578948949e889fefb1bbcb7a35520a9de8f
mem_20260824_session_wrap_up_2026_08_24_19_40_682aba	session-summary	archived	532889a681696ee6ae6bd1781c58a3f7f91e6e7fc7a4b57b565b0b39f159de2e	58b6c0615fd02412b12e367854ce51bd89dfd4a5ded00c93d30c88059eb3f09e
mem_20260824_session_wrap_up_2026_08_24_19_59_24d02c	session-summary	archived	8102ade2fc70de2ce850cbb7c74ce555f8511b13f8383fe9cc6280b43ff786f5	114a484d3272c0ac76a9c3da81639e3bfa3c83bbf058dcb4d5e06e5da290b0ac
mem_20260824_session_wrap_up_2026_08_24_21_08_03cafd	session-summary	archived	574ff1f488214ff023d31f29be3802baf77ff2433adeed366bde17d488e5bffc	412793a34aaa3d6facad19fee98813123b0763d38fb4793b1b300a6cfc50aa4d
mem_20260825_session_wrap_up_2026_08_25_08_49_5011f1	session-summary	archived	d57a32354c069dc502c350c52898d76641324c5f6ed781ba492672977ca1f03a	8c1b8f117aac6323a4c434d2c1cf9c86fe5afdbab272ca0da3ea2c143a499e26
mem_20260825_session_wrap_up_2026_08_25_10_37_a73a51	session-summary	archived	52653cfc7effa0d39366aaf8eaaa1b6678fe92566912a817f0b260c9531a9cf9	40f2809cacdb69dca30ac29864cb091f50aa9052973b9577dd66180744fdd8e4
mem_20260825_session_wrap_up_2026_08_25_11_28_46be49	session-summary	archived	d606dba77093711fc2d0d52f3df3a37863b8b89b3bb3a054b07c8c4a84f3aa39	5b37c5e2a6441dc2bdec4d6254c62f0898f2bbcd0f8d9937ce22cdc6339deafe
mem_20260825_session_wrap_up_2026_08_25_23_35_242b95	session-summary	archived	053fdacb8f9a197ccf0f21c2fba280dd3b790c985a7658c70e38b2b1bba86ad1	910d178bda63047df7fb18e4de87f2acd9b7f9f1ffb84f7a25568ca8c5c2b70d
mem_20260826_session_wrap_up_2026_08_26_09_43_dc5643	session-summary	archived	f36609dd331f5126b14ffd6a39bcebbf99d97a73b1b0282d34626947ae496641	cda831a99c917f598506bb9663b40680f5d587bac82bb0791085504774f88c8c
mem_20260826_session_wrap_up_2026_08_26_11_37_699c1f	session-summary	archived	9f33f1ac3d6e34621adc217cec4ddf53a3d481377bf18bb8baf56f95b9ae3ed6	a62f19d1953965fab040a916cb37a145534fd77b00248d67e51276ab4f9f16a1
mem_20260826_session_wrap_up_2026_08_26_16_27_becac1	session-summary	archived	e4ec2ecc29999877aad3b48cdb44149a23b4cc4791615e8dddd017223750eb4d	3e37102d6546c81f605a3c54fedbdd8edd49b94e631f0e39bad50657b1021c1d
mem_20260827_session_wrap_up_2026_08_27_05_20_3ee145	session-summary	archived	aabf1f6710a8197400c2e71269ac71bc8c3c7d0e9978036c99e92f119de7cc80	aed356a47be0a9497ab23e64612be5ef02627dec2e7692d0c2c8de52e3fc99a2
mem_20260828_session_wrap_up_2026_08_28_12_52_3a0dfb	session-summary	archived	b7fae00349084dd88d08a054efc6ea63ee70901f91a6a7efb2c889b12ca035d5	8b07778c0e5c4f78b4c73df3b9f359f2d20dcb3a938df7977af30b817795d9c6
mem_20260828_session_wrap_up_2026_08_28_13_21_a6192c	session-summary	archived	c5ac69a2e0abc89a7f05fce385cf4032bc1f4b5e7dbcd5f5547430007898f1e3	fa984c4e972ea1f3cb9b966a61b7906f86fd41a112ffa2d5a843fb0de65723e8
mem_20260828_session_wrap_up_2026_08_28_13_29_58c55a	session-summary	archived	3ef669564fb86b49fbef20acf6d189410e44362d118471325218d057a7dd59f2	5ea7e9ad64b70340c631c1900c4385091f87818c285454914dd0c9ebbaa81c2a
mem_20260828_session_wrap_up_2026_08_28_13_48_9d20d0	session-summary	archived	ec21768b846069b13ddab513689d7cada2cbc9fdd885c373cef200863693075f	b28854af76b5835718ddc6d79522560221fb3112a9b9cf7daff9eba0c3d4ee65
mem_20260828_session_wrap_up_2026_08_28_14_04_afe251	session-summary	archived	6ea4ceb0a6802719fdb74c5c1a145f7dc5342e1c7a30be9850ba05dba0045af8	fce46f0e585c9eed5d5b3dec499f15e9a6912fcf8d442b13398fc1f6bf43906b
mem_20260828_session_wrap_up_2026_08_28_14_29_998629	session-summary	archived	c39b0e648cd2cf3a2ddd0df39a527a7e1a738feaf8579b2be38f10668976b542	816c8481d3a4ab040c83dc4004837feb6e64404f9b6dcfc31659c16b1bd37c4f
mem_20260828_session_wrap_up_2026_08_28_14_54_f7f650	session-summary	archived	2ebe4f530b7172df8150af4ed826c3fc03fbd468587a62f353dd580f627fd231	68fcfedfff5ce0effccd3620efe859cba47869b0941a53c5bdeca6431f934b79
mem_20260828_session_wrap_up_2026_08_28_15_28_75065f	session-summary	archived	15db26e5962b42799cbf87bb63feec57e29487251c9af7969376422705d6f03e	c400d9bfc9d433ce9a365826ea7c22e47c6f8504172923fe4450f410553d7555
mem_20260828_session_wrap_up_2026_08_28_15_55_25568d	session-summary	archived	ce8fdd7600aac9a906b415cd06d2a7f856ab4fce18772e60216fedc41b8cac8c	fc092aa84bf8f8a5cb10816a0569b28d0cd503fc3c84c9d3b0df5e2df167b45e
mem_20260828_session_wrap_up_2026_08_28_16_18_ddd04e	session-summary	archived	dae0a40ececb074252e5d6bb38f31f7a7283a842fa5875d5fe5766488fd0abac	cdc54c01be0e3e75827a72d2b98f5520dc0ba22bcda4353636c337a7b1c05f2f
mem_20260828_session_wrap_up_2026_08_28_16_39_8cbc1c	session-summary	archived	9aa4461022a77d3720a91f8fad496406167fc3a8a63d0c104b9c71cefae3ce83	a33f3dc7561b6f34cb6fde78a32df49e266ff2a21b655355125b16c652805f5b
mem_20260828_session_wrap_up_2026_08_28_16_57_8e5c78	session-summary	archived	398b7bdbbf9df171d8d7f8d5cb4b725d9cde4a56112977809bc8a47f3be39d0b	07f34d6234531e0ec4efe4e92d280a1b5f6674e807b41a785c0bb87dcb1e4d64
mem_20260828_session_wrap_up_2026_08_28_17_19_cce2e7	session-summary	archived	16dea8be38a1fedf437794a805ee25bad25e63252476b8ed12b0dd07aebce148	acd563a75be6b4328c5fe4bebd66926c5fdb5709566307d7f762478de5b2d04f
mem_20260828_session_wrap_up_2026_08_28_17_35_4a78ab	session-summary	archived	93d2b46807016a07be71274f1be26201643f33e36c0074c319b2a6982f0f0113	5e870347d3ca543d2bbdcfb6967bee51767757991fcde611a0ef139ad5515637
mem_20260828_session_wrap_up_2026_08_28_17_56_417407	session-summary	archived	422cbc61f076daee083be6ca38c7c8dc8f5fba7c73a94ae0d0adb373cddd8548	db49a95319e58ad8af3441f79aea57e22bccba6257e537c6cc9fb8c642130d04
mem_20260828_session_wrap_up_2026_08_28_18_05_0ce359	session-summary	archived	2e23e1353aff0984500eb168f7419ac45094a8fcba3a1c419b3ad9f0cddc1c21	3fb49bba48b75a1fa7d367bac9961255521ee8a14b7ded9fbaa1d5501ee71702
mem_20260828_session_wrap_up_2026_08_28_18_15_bbc180	session-summary	archived	b5cc47bff4a3e1fb3a8cfea071d11b3edf0886f395f544f06714789e9eeb5c09	6e74c57b25b022fe3c8a4747dd785c354ff5902910968646fefd8cbf4f56a367
mem_20260828_session_wrap_up_2026_08_28_18_21_131e63	session-summary	archived	57fe47cb1987155be521f0967a8aa83f30ee8ff3e0d836bbabf827ccce4752da	c336eb4c419ebc05e5e6d1681d45ea1fdd06dc40519ad99a4ea6dc6593802f62
mem_20260828_session_wrap_up_2026_08_28_19_44_a0e3e7	session-summary	archived	96580ef30eaf99e75c6844795c3aaf2620d95b875fa5553a3ff3ecbed6457bac	296c98073df7afa8d96cba7cef92c4f903d400a1a2cdbad89a9f975148351873
mem_20260828_session_wrap_up_2026_08_28_19_50_31e7a6	session-summary	archived	e9e78399284eb282382597f494e5d1d7cfdba43bca5e8cd40f873e34e8741633	71e09091aee6e8c72cab612cf11d1cc837a7cb706ee69428c6827bc3511a8321
mem_20260828_session_wrap_up_2026_08_28_20_07_37fc12	session-summary	archived	025ea70f7d4d8f2dbeccebac3e8f2b02ce41f390ae3542b42948fd9b84c0ad29	24a22f14b295e613dea9b2b1998a53ef21caf99224483c702a7d5d340adade0d
mem_20260828_session_wrap_up_2026_08_28_20_19_d7b896	session-summary	archived	dcd6f10b72136dd34d6c824ccf333b60d6cef6bd599142d57e4dc1111007ad58	2fb9793d52be4516e56a9787e35595514c1ac4474d9819494f71eb9874dcae61
mem_20260828_session_wrap_up_2026_08_28_20_44_18cbe6	session-summary	archived	a5d3fc38a51378386778df759265f67d48f5aae3061525e04e775dab02d5adf1	c9a58c8f6d016e82186a38426111527a4f24474df80615bbacb7a64963537e0d
mem_20260828_session_wrap_up_2026_08_28_21_33_759d3c	session-summary	archived	31a43ffa7241c0e7618bc0df495eb1f35aa3a7b7e0eb76428c9c2c3e42c9fb2a	5a879697e1d4529cf69b3636822fc73dcd26b9bf3c625c0177e30f8c40305ab2
mem_20260828_session_wrap_up_2026_08_28_21_46_05360a	session-summary	archived	3023131b07f63eae1d240adf98fb2552b40e501b017ec8e12584c6a599c52c68	e58d3d0ae1226a84fc591f53bda108e4440a5477111ea15c4f0b046312e59aef
mem_20260829_session_wrap_up_2026_08_29_08_25_1403c0	session-summary	archived	5670a232f586cfb1f3beb9b504ed8afeaaef459dcace55074292c30992da0ff9	442b693f33aaca570bab3307130de355ce4b9a1e200148e430e7f2d883fe7596
mem_20260829_session_wrap_up_2026_08_29_10_10_dffd4a	session-summary	archived	4a41ea1da9abac008ef89a2f6d473c6629fc48891f591b089e8575f5ec34685e	1517391d1856be3c0090da3b5eae9050b03cbaaef381da0bac3e88eb28f81c3d
mem_20260829_session_wrap_up_2026_08_29_14_39_a95839	session-summary	archived	812e524637a73efc58a5431c31558d636c7ec1700c6f50ec44da36e2e8e3bd11	74fce14b8311021b1ee59e57e24ed3308ee80e8b320ab537ac309bbced7cb51e
mem_20260830_session_wrap_up_2026_08_30_14_01_b4ca00	session-summary	archived	08bd5631ec22921de8c3c3c3a520203c516791da3d39b11433376098e247abe8	00967c7cb094fa8b029d4038e352df7f286e644715709972812d9561a456b276
mem_20260830_session_wrap_up_2026_08_30_14_33_f6fbc7	session-summary	active	89c76bdf15f38f9d8ce74517faa8c3841d2d6f00b8909039c9114e94be20e7ff	be87efef85af208971dd3b6839d95c6adc7e4ca60d8300c3197b83e39a996b60
mem_20260830_session_wrap_up_2026_08_30_20_52_f96238	session-summary	active	70d9547c5b7b2f280139c1faa4b86e08600346d39e10d0d7aa12061cb0017819	9ed6eeb7e053af9530f5670f89f770ed7b159a105c0b1d5429a805b50f3e54be
mem_20260831_session_wrap_up_2026_08_31_12_11_ac4aa4	session-summary	active	2973d7157d06776b06ee793ab3019ecf87c50d650f1b65e2a9637f2916da68ae	6d6fc38dda41d2e859d3fe339d72911c9ffd4a9d7c2b8b838ff9f0a218b7bfb2
mem_20260831_session_wrap_up_2026_08_31_14_07_db3113	session-summary	active	d561d3aa2a4a3cb7bc0898aac27b2d44a9b98b078e3d308cb3d438bc6d3bde8a	b800667663dc416af5b9663620bed01c2219c4dbcdfe2a7566d90497cf7c7802
mem_20260831_session_wrap_up_2026_08_31_15_22_743a67	session-summary	active	e8d614bda9ac6fb0f4f1070de98bed4a2a5fa1ad7e87c9cf7b4f3fab444d50ef	855f5fe2fd8c6bfa7a306330ee31a50fcf0e0c2aaaed8172ce30d3e591cc19ff
mem_20260901_session_wrap_up_2026_09_01_06_57_f35374	session-summary	active	8d99865adce328c74a64cc9cabc51d44f2ad85f03a36071581856993dad4e42f	ce6ab13b9aae387bb64d81c35ed67f1a90bbe44f4f4a680e7f959918120cce94
mem_20260901_session_wrap_up_2026_09_01_08_30_b4a655	session-summary	active	6b6bc3b235a9bf308a20bc894d80cf2b73cb77744bc8ed19aa27708459a49874	3bd27177f47a8703704cccf9c1701778fa664152e4a1e32533aa4c295ac4113c
mem_20260901_session_wrap_up_2026_09_01_09_24_5fc550	session-summary	active	85dd88b62440b1928bdf984b64c77f6b4290362b7a3c4a5a79b9b9081c05e085	4b429c53a5295022aa76a2e4230f53520c829d1865c2890aa482e4cb60417233
mem_20260901_session_wrap_up_2026_09_01_11_42_1b61a5	session-summary	active	97be1bb670738ee6d43889fddb167fb27136905c2e29318adae66e659397c337	8665b8e2cab4a158adf60d50f789e389e920bb69e42301b5614e356412bf8344
mem_20260901_session_wrap_up_2026_09_01_12_10_c13c69	session-summary	active	7656add00b1b91e075326a7a030f1853439a414c865190cf51337479b94de35c	c69141c3c934c7bd15d09d9ac02c6e224c60c77c2c2735fab6a68ba209d5718e
mem_20260901_session_wrap_up_2026_09_01_18_03_b886ad	session-summary	active	fcba4cb52c3fced64364b30a769d1a6708798639bd9872ef2445bd5f9753f19d	688c631d0535b432e6ff243d66beba9f01abfd75c926e3766161feb7e9240cb3
mem_20260902_session_wrap_up_2026_09_02_09_11_936afe	session-summary	active	ab04e148d336744098d7dc5273d1e02e6604a18147cf33ec461fe8715baa8313	7bb5f7d1331eb54d09b16a58d7cdfa0a96e1f1ab75d0243d176d3cd1bfd29680
mem_20260902_session_wrap_up_2026_09_02_20_04_8522fc	session-summary	active	25d10cc6e3546c8a9a78e3ecf6444b00c9170400a633d1efe2d3f039ac045af0	188368a98624205231756fea929eedfd50f17b67af587712c6c93caf11cb9ada
mem_20260903_session_wrap_up_2026_09_03_09_44_cb90ff	session-summary	active	b54fd34fb086bbade10965a23bc16ed2665944eee9a7e7fb9dc4c4592f534763	89705cf959fef3fb7ae8469afc96c0b5608e027c4809d0762b26d2e74867e994
mem_20260903_session_wrap_up_2026_09_03_20_15_b22327	session-summary	active	936fb511d05e16d9d5a4c0d45c978432e725c2c2d656c4ce756bf43510b64664	36d73f5fac10c4bb682048ff767b2143ba2b3835f751bf4eaf62e55ca1627248
mem_20260904_session_wrap_up_2026_09_04_14_45_bc59ff	session-summary	active	84c1bee4dcbec333b53d743a18b540a4e831fe21f36218959a63b6566a01b76d	e2c7ba6ed09275fe98f9b65fd0636080a92f4084ec7e6e036cc2f2ccb5b9bce2
mem_20260904_session_wrap_up_2026_09_04_19_06_01b09e	session-summary	active	57aa32781c1f3b0debba3f0096770a2c5c1509de98caadc0476507f06f3db3a4	f2ef0ffa07750caabc1b2dfcb20414b720b5a6150e2ac84a92855a090050d1cb
mem_20260908_session_wrap_up_2026_09_08_09_56_bd34e6	session-summary	active	b3734e4eec58628b99248a02266374fb0b7e4f950a592f0b6fc1b70c046f9fe9	d89073b0f3d21e51e96a711b20aa1c3e3775ed1ef913e123b226c0bd11328a48
mem_20260928_session_wrap_up_2026_09_28_20_07_7e990a	session-summary	active	d78ac7b79bcf7cc6abddee4239447786ea98e28d43854b9f3078e57c19bfbdda	8d74fa3aa80e6397e2008e3d27464c66ab2424aadf025081897afa1950b35f91
mem_20260824_report_phases_8_9_5_5_75a0d0	report	completed	ac300199c897057442d722fa944f7c6777a54f2ea6ccae6fc587e1a3fad9b99c	3bd765acb88c89da5a7ab797f1cb89f707809498fe097bffcbb5aa28d9b406ca
mem_20260824_task_brief_cli_5_e2c628	task-brief	completed	eadb326abbb2ee25c40fdb6862c165b0e3ed579fb9783fe1fbbd54b16deaaae1	708e92d5c5c2e91fada6c282f21f013e873bb30da3967f845bc929523f5ea03d
mem_20260824_task_brief_phases_8_9_86a06a	task-brief	completed	c1159549500a334ca1750b48a6ea9e5fd6c77feb02964730a62e0fc48cbaf754	6ce172b5e2695943f2b207de4670fa3d2786fb22e7b5104b20e447f069b5b2c9
mem_20260825_task_brief_4_supersedable_id_rtk_a07a6c	task-brief	completed	6ab5b26341b3fb52f08f94851349d328e1c1466be4a9cdcf83f06cfb128418b2	640438d9fd8803d399d26fe02b291612178c75bd60688235a40d30149af9a0b2
mem_20260825_task_brief_agents_md_bootstrap_wolf_memo_9e6e0f	task-brief	completed	887df97f3cfb5d439d0a62fafc7663975f5dfd2bfb18093268e8865fcf0885a1	0b0a3e94cfa9a70b4e772985d1c99ff226308cd87d4e9394f5e6513cd41bc9d6
mem_20260825_task_brief_bbe9d1	task-brief	completed	d564d5aba220e52d329c75fdd990e145907e3d284e920f7872aea9ae1383ca6c	918f39164186acce9cb6cf5ac98863a48775b7540dad15d97c2bbc5c6008c0d4
mem_20260825_task_brief_cli_2_rule_scope_63d00b	task-brief	completed	5e82b0ae541ac6d91312af1a6088b230fde48f3fbea459b2ee52a540e20d72ba	d3c62a1914f7b4a71e10cc292bbf3854fe82fce6cab6dee38624c867b1cc9b53
mem_20260825_task_brief_cli_3_terminal_answered_f1e786	task-brief	completed	4c5b73f86d81ac0111c5d02e83a0c5f195bfb702684032cdc82addf85936c3fb	6b2b7cc300ae6cdccecf7ee49bcb58c9a17d2e6a885617b6b0a362dc55556aea
mem_20260825_task_brief_fddb2f	task-brief	completed	e9c0169f38c6926de07a40eda55143144ec56cab1980422de5284838d8d0f399	c1084bd2716207c88fb71a25d2bf91145b155dbd2982032d7fab214dba9a9dc0
mem_20260825_task_brief_wolf_189f8d	task-brief	completed	c734284c43fdad14ab6591fe1e40619db4a4425ac97e5fc305f742a8358e9f02	214fd2bfdd7106ca10a45ce0c3ddccceffcf9688d949030ea85265597f1e33f5
mem_20260825_task_brief_wolf_search_e05816	task-brief	completed	7b0445e373148f5f1dbbfcd08f9489ffbac50ce52aedace442924eadb455247c	6b4e7914ad91b614cd8648f1db76fa17213af19e1c6521dddd3a5c3c1f49c52e
mem_20260826_otchet_issledovanie_superpowers_16_skill_bae5ef	report	completed	20956d8b6fe1f15d32a9994d0af003edb81c24ea3eb58570ab099dddce42267b	b485eb5af9f7b87e1ca9e70630d39083f019a9de7b1de1be4285009ffd8f952a
mem_20260828_otchet_analiz_docs_readme_md_3_uluchshen_bc90b4	report	completed	354ef7236671330e061a5be9b9816787ba8fd6d4ff1d12a37aaabeabc04c764e	3722287b2f9ac10baf6c7b162d0f1f3a1d06387c1d2777b9ec5e8f08e28aeaf2
mem_20260828_otchet_analiz_docs_superpowers_plans_roa_f40673	report	completed	79fd1fde989d61766c3497a42addb779026717d745a8897de7fb918394d5d4e7	2ad4671990999e28c197ad232e1ed82edfe4f914db85c93d17d81745de90fd61
mem_20260828_otchet_analiz_external_research_log_md_3_d70458	report	completed	8a098d6cb2d9138906784da4a9e1bed8f8d509245aa1830cfa8cd15adea4460f	0a43a4fb9736cec6b3d5959080b6a6ea23e76c23d9ccf86307e967cc9f552633
mem_20260828_otchet_analyze_doc_docs_readme_md_playbo_93baf5	report	completed	2e21ed5445740ae332fd5f74bfa21bd7c19a811eae381d2586167ec8bfe60a40	36c36975989b89780d6f809350f5f0a5c650ba7137579f89e8d81f083d6c9d12
mem_20260828_reviziya_speki_samoobucheniya_f20_26_43_615d19	task-brief	active	91278434ceb58d41a7616f3032ce771e2796a5d6e60b220d835ba46257bdfeb7	c138ddff4c61009227464ee9b3626e6badcfcddb5086eb4aba413a40ce4002b5
mem_20260829_instrumenty_kak_skilly_biblioteki_instru_7470a8	report	active	fed8291b63ecda5580713d5b09bb404434fd618097a8a0a25987efa8ff1fecdb	9ed108d15450b154ce7e2ea67672159b3e102fb4ae0e5b5656db61eb365f11cf
mem_20260829_otchet_analiz_examples_archive_graph_dem_58168b	report	completed	0a958980e3773691083a1c3389f314f6b44ca7644ca4abda53ad90aaf7ae2000	cb1d9278e7c4878455a2cb6b484b7b5a37850b016e17d81275d34cbd8506199a
mem_20260829_otchet_analiz_license_3_uluchsheniya_pla_ef8f62	report	completed	49d87e489fc6bae9b1047e29a13f9043214c23ca2d126d7935f56c4d112c333f	294786866773a05c0bcbe87d668ba012faeb7d325c7a77f30001e490a0204107
mem_20260829_otchet_faza_a_roadmap_v3_fix_sprint_vypo_86bd84	report	active	eccb6eb041b7bc31976dcd1daec371cf43e44b613bc7b9103f3b4a533e7d626a	9ce1e1f98922ae118f70f0390ddbd8e77f20c46a068d4bf5e3b83e04484e92dc
mem_20260829_otchet_faza_b_roadmap_v3_agenty_i_protse_b162f3	report	active	69f596cd9f436b4df73f7b1b26028e180c919160ce02abf4ec3b854704893c42	06e205ffabfdc03f8f5b9907de4f667a8e260c1bd7c2cf10a4e720677575a17a
mem_20260830_otchet_faza_c_roadmap_v3_instrumenty_kak_10a0a8	report	active	d0fef78682cc3ca1c2f33e80016ce3eb575b54eb1d7ef015f2a3d988e331d157	8da7de3f4db83fe91c08407b37aeb2f776a0afe0032b00766ad63833bcc541db
mem_20260830_otchet_faza_d1_roadmap_v3_f20_signalnyy_2474d2	report	active	c9abe3ff866c4efc4309ab1a1102831f0fd2624c8890aa5bd8e607ac25aa78d1	bc7cfd23bb5a5cc2cf0a50d5f42641ca5e3ff1ec6e8367e0f745cf0df7a71936
mem_20260830_otchet_faza_d2_roadmap_v3_f22_kontur_sam_a3db9e	report	active	67ca3f24cfb527c284b35d670ff2bf921ff67798ff16b9a57a7f47f09f4d3390	7100568c814eda21ad9c98c28d99b79cbdc1921ec7794bae47d576ac9a51a644
mem_20260830_otchet_faza_d3_zavershenie_kontura_samoo_8ee42b	report	active	58b3dade7654d673227743bd60e1d53411d308103f48ae9a2353a7b0b34f84d0	c5db77c3486582bb234f3d21d9abbd04ff9c83f799999257b6b9a221e428bf10
mem_20260830_otchet_faza_e1_effectiveness_pack_panel_0e20a6	report	active	2e7f8eda04b92dda6fd0029d7c73a7b94db398ac54d580079b749bd7e1f93197	55a0ee87b569b2b7f8919da5e30cce2060897d58cd4126033c72c8fd19413271
mem_20260830_otchet_kalibrovka_metriki_shuma_8cc593	report	active	53725b05599a84f430897d126be3be2e78bb9d3937ad0862207c9b714f7d1c8e	7b28d4b0a71eae80a8a257fa909636abf457ba4c694d947aac264d42a1cb87b3
mem_20260830_otchet_polnaya_dokumentatsiya_wolf_4d9d76	report	active	761e6161d4c308e3f347f73cab457e202f4c8629020a7c1c11b7baf8d9ab2cf3	2c238899cd7230105dfe3efcaefa17e06f8d63efc2906c6f8e3f4a8cc2e1f7ab
mem_20260831_brief_base_sets_faza_a_dvizhok_t0_8_6678b4	task-brief	active	9a0ef14f18ca4f35f8b0c803d915011cfe9eb24748b25c93895410132f176220	438be3edc7909794d5a5614bd097bba444c91630cad1fe60d646015064bf1bc1
mem_20260831_brief_base_sets_faza_b_kontent_t9_14_3382ee	task-brief	active	d53c9e0187487c6c7a7735525fc537447d0cc4612b3df16bb2866e99a662a45d	2956f5977f98ed217f807469f1cfcdf312356ce15f4a76ff9be36c1c3d25f6eb
mem_20260831_docs_site_vitepress_github_pages_en_ru_9efb8f	task-brief	active	561fb6f35a2b8010c691d2d75824e10e931dca047a22c254afb0cdb07e972d37	346699e65340ce8f4cc96a6ae4de88a5c1f0f33dfacb5bce09d4698602c44e6a
mem_20260831_otchet_kontseptsiya_v3_3_perestroena_mat_9d3ca1	report	active	c15cceecf9b964ac482aafaef864cb20a45e6ffb0363e65a0a9e10c331edffa2	2fb755a58ae2e874f6fae7bc1573b5163a9182107a110cbb3f32337d702b253c
mem_20260831_otchet_kritika_revyu_pozitsionirovaniya_e3f9a1	report	active	3cff6e0dc065de4c6551692fd4e63c72f6d9fbb7a8d41577c8023bd26406375d	4f4a45ec54b12bd3b67b005fd3557b75acf3239550c8c0251b56e3ef62be73a2
mem_20260831_otchet_multi_linzovoe_revyu_v3_1_skhodim_303feb	report	active	ddbba38175259a8edd82b43c8aa6035c0e126780451c91b923b34d065d5e0221	0cdd7723490897e3729afab75a6fe1eb0e064447d0e4faeae450e5e5714d9800
mem_20260831_otchet_p0_pravki_kontseptsii_vneseny_res_068a62	report	active	3c908cf2522d59801e645f389b0c20214e0c8ffe5017d914bef10c7c57cbee23	9786d76196548c92999422ed6ddabf0c0c616ad25e8b0aed06e7ee70745df74b
mem_20260831_otchet_roadmap_v3_1_kontsept_v3_1_vnesen_ab4dd6	report	active	43d4ac843d47b654f56225a50910aceb364a432f16859b4897434599a1ae2b92	d9a97584ab7baf0e39cc6c41a2165f8cb81e18ff74c6335c2da2d14b416956ea
mem_20260831_otchet_v3_3_1_ispravleniya_kontraktov_vn_0a2a4f	report	active	6be97dcd2ea68c21f699f95fb8df5c019e2d93f730a7b72d148d26197d07816a	68fc8b90dce0fcec3439b659ea7266860c3d4b65af13a10264a47b791021bd7d
mem_20260831_report_audit_triggerov_i_protsessov_supe_7c600c	report	active	d3efd48af3ec4a83231eb08fa93f533c0622dcd926bfb485a882c486d7d91424	8540d9fd430eccdbf4dc49368c94f87640d53a19cff19d2f701e2671edd3de68
mem_20260831_report_base_sets_faza_a_dvizhok_b38db4	report	active	16ddd6233e554ee416a449bcba6251a1bd605dae7cd7e221c09b54af1937a958	f3c3913e861b8097678c7a8528a5f196325bdce15d01ea07dcdbc327e135613e
mem_20260831_report_base_sets_faza_b_kontent_b9044b	report	active	cb865817db2830564ef648946e42dfeaee6e9a5ae2b3ad5b483c3058ef17ddbb	5f0ba90ea0328d6d0e7718cd96986b51540e316370abd058deb5ce096cc3f9c0
mem_20260831_report_docs_logo_logotip_na_sayte_4_4_ac_545081	report	active	342fa01b5ff5f90fafe60f34261072573a064094930248971db0c7c039e5d1f5	ce1bbe03ddfdf3e3dd203fe1e0e9adf78b8083ba13856a1100157517d8c7ef4c
mem_20260831_report_docs_site_vitepress_en_ru_6_6_acc_e5ff0a	report	active	b1b88130c5115121eb22b92dddf2548a7823f4de68d576b729f7e6ebbc2d1f6c	c7760b60fbdfbbe02a58f7c8c809927a7dd82b23f9112a19b8a7def45532b8f2
mem_20260831_report_finalnaya_verifikatsiya_plana_bas_0a237e	report	active	381f6a6fc800dee2088cf015c70cdcf14ecd5ef7fbb96cc519c17a2c7e0a0270	c9829aa30ae3f4fe11007d9514a226f4f2ddeee6657f1b96bbcfba4ba4ce2b12
mem_20260831_report_finalnaya_verifikatsiya_speki_bas_b88e5a	report	active	e777f896ee9868564298c33f29a38d4ed097e2bff942771d2c4f34d7ae41c063	520b77c2e12c4eba51d19a763da374a7789d77783aaf09eb27985c38358d89fb
mem_20260831_report_issledovanie_superpowers_audit_ag_fc4e35	report	active	3f3777d020d7a70b880e788cc7aad9a272993d6b475295b9778f8c0a5533be34	0220852e801f39aafb5d406fe9dc22063e9576228b18ba40bf16c03baa24929b
mem_20260831_report_multi_linzovoe_revyu_speki_base_s_566088	report	active	07f9271967525e1a5c13bd0bb5ef51f298b7a2c73c8416eec841779ecc5e573e	a07db31f214e297eefffb3b5ba8d97edf43432e736b5073a60a494925c759e5a
mem_20260831_report_polnoe_finalnoe_revyu_speki_base_337347	report	active	cc2e1c512fa94e61f7b6d8ee1a1965dd0086a0e01788a5dc8773145e98aa30ce	eae1bb5eefe65859cf1680ed32fbd9617aadfc213ba7d928b388e700586b5131
mem_20260831_report_revyu_plana_base_sets_r1_r2_chang_1cdebc	report	active	68265c85733d1b77636c63c2345a55f2a6769ded768c09f8811a95ddbe6e33f1	2efadc6ea3001956c73bebf708df5880b7ce6e896d47497cdf4e32f1349066ae
mem_20260831_report_revyu_speki_base_sets_r2_approved_e37433	report	active	92ece6ff237874eec821f91ff563407525cc522c250ed667a14e5f3befff83b5	6fa485e3235a91b1b078d423ede9f1e8b13403d2dae979a9262319d604e670a1
mem_20260831_report_wolf_dossier_iteratsiya_1_8_8_acc_12116f	report	active	17b80d1b8cb1db492aec62f25d0e45aa690c18324a48d33e303e9d288f663d35	673075e65e11f2b00965c83e5dc38994ec6f61940d7f78d0979ebd5b168df35d
mem_20260831_report_wolf_dossier_iteratsiya_2_9_9_acc_da2532	report	active	d4486d3fce6ec872b3f711abf249ea27f6c5a4148e0969d06785130bdf42fbb1	4af9242ed999582eb3fef45d8b3d7c676774454b979cc873c2646a1f815f6e03
mem_20260831_report_wolf_dossier_iteratsiya_3_portrai_993f37	report	active	97d7d389714728247b685ac72e52d56aef671448fa8d27224d51975aaa987f49	41fcb77ebd561f3941d1e9fcabc61380a64a3b1262f0328e51807a784e069292
mem_20260831_report_wolf_dossier_p0_iteratsiya_4_7_7_e1998a	report	active	c253e6ddda751c04725a2b9d72851ce3f75200c9ecc01881f6b9d11af709e322	77e6ca0b02e96e7f5ba803d1d08ea7a837524612c1ef5722244411cae2a5836f
mem_20260831_task_brief_audit_triggerov_i_protsessov_dabeaa	task-brief	active	ecfb7d9bda1c0451425c2c6455eb4e03b2319b5bfa0df210d2b9f399f7520b03	9e8f01bafff372aee84c7db29d1e972803293ad06dc5cc8fd83c416f3498e7c0
mem_20260831_task_brief_issledovanie_superpowers_audi_d537f8	task-brief	active	53d57667b36e98c7540c3b9b88ba0c66806e0c3fda67e90324acfad26b69c717	79e6c0fc4d1c66b5aaca077c91aab73c18be7d7e7cebb815e0384bc06abc7047
mem_20260831_task_brief_multi_linzovoe_revyu_plana_ba_fd1121	task-brief	active	c7fb61f90627933dc09cfdb7c09cc44e37163cfb5f6c1c7e293099eb2a81e7be	4d5328714a4c540e68e6b4129ae401503ecc9c7b981835097766f547dd14f4a9
mem_20260831_task_brief_multi_linzovoe_revyu_speki_ba_798fbd	task-brief	active	489059f444a59383e0961202576a389e4e419f56a0617d00bc945d5175a32f38	b33d9e81799827fce8ac322743709e12dca7e273ed9494b2e439558a854b770e
mem_20260831_task_brief_polnoe_revyu_finalnoy_revizii_b91c58	task-brief	active	6d8189012cace8d0723cbd0d3dc638983c6fe8c5adf0c5173c7e5f10baf9a09e	6cf340884ff6a79afe1ce4d3d49c554084dc3432406ce6719c995a0a49f88238
mem_20260831_task_brief_revyu_speki_base_sets_r2_l1_l_d8e9e0	task-brief	active	617348ea6e89b917a4ffc67a44422fed10884395c57640f5c3a287da955fd16e	bc9c785378e11a2d60a2b879d590e62f56a8e81e8cd2cee217e5ae58fdb1f423
mem_20260831_wolf_dossier_iteratsiya_1_firmennaya_osn_597fe0	task-brief	active	a66dde7613c216a4c8180b65325fca2fe0081e48ccd5a586330f0d6bab541a72	c229733c79124892450028a3bce824f150fb65615ef602570cd3ae6f4520e6b5
mem_20260831_wolf_dossier_iteratsiya_2_znak_a_v_inter_275168	task-brief	active	caa45b6bc958d20062146ff75c253a1da45a65aa98c0e747d573eae83661c902	aaa6ce8665a497544a21a424cfc851e7934033d0cc552a733fe68001fb9ab196
mem_20260831_wolf_dossier_iteratsiya_3_portrait_first_c5b17c	task-brief	active	b5d6ea493278979a189326312ddfe97924a24e83a134b42bccdfe06f614d5c21	226fa812d4f70da2244d29dd1fb623a74583541b87f32429e9b50f441a868107
mem_20260831_wolf_dossier_iteratsiya_4_p0_ru_tablitsa_b60e32	task-brief	active	be029b376b0bdb586859dce84a04e129708a480478236b8bf9efdbfd6c4ce3a5	21249746ef784cf0637915ab56fbad6dfd01e1df0e9bc7db6e11240c5fcac7e1
mem_20260901_brief_base_sets_faza_c_dogfuding_final_t_c177e1	task-brief	active	f4ee649cc27a556233b3145ca2e59c2bebf32ddb4721371865abb9fdbc9fb07a	51193ca898454cd4dffb440b9c3d45c2ba41624f5d6a6c484de7a66e32cdda65
mem_20260901_brief_merzh_base_sets_v_main_t16_2_poruc_a7cb32	task-brief	active	85d81605f13b986ba5d779b3161fab1402658a6f95a41944e45faebb6d923ac8	949638a0ff616c14a541a3daad726ddd4d05c22252fd1e56df5cb840359853aa
mem_20260901_brief_merzh_complaint_v2_impl_razvertyva_7a238c	task-brief	active	c2e9f4f1d35cd8fdc4c0e17ed7fe522175c0c3fee299cf6e0b2fb784cb557f01	8674c0fc4bb4ab9c3857359da409d29a4e148afbbcafaca7e9a860ae3b5cbef7
mem_20260901_brief_merzh_fts_query_d_v_main_chistka_8bc9aa	task-brief	active	ce40e8959840c12bda7fab38e4c820d43c0fc1ad9ec4287e1eac2d7e4735c8aa	109e7d4d64b2b2c0f55488186146b0c26dbb30d81e3ecd70a2d36afc0be5d8c9
mem_20260901_brief_merzh_onboarding_v2_impl_reliz_2_0_33c2ad	task-brief	active	8487dd826b1353422bcc0c1dd6f421fe81266aef9162c86f56e01f7aff513841	5fb60823e608bc03bd8a4731d8d7a4961cd92a7f4e3d2c31ec97ffd9d9ebbd09
mem_20260901_brief_pererazvertyvanie_ploshchadki_v_pr_ca3ba0	task-brief	active	0fef4b332006708e3aa1d8af4f624e2a7992f4effe58300ad22ee2ec530146ac	5f24a496c81a8bed7bf717e9a2ec739e21207386e292004e84d0ab48abbbd416
mem_20260901_brief_realizatsiya_onbording_payplayna_v_ea321c	task-brief	active	7cfc0f85e781066277d629e7b1026ad11432b70c2d3fb999e379ae41591a2342	af4582f900df3551b572b79544957a772842b78ab67b4ac6f19cc4904e502779
mem_20260901_brief_realizatsiya_zhalobnogo_kontura_v2_5c1460	task-brief	active	3f6394796210a17f4a669ff75b118b1fab8af94bb0a0cbdaabb93991028b93aa	42724e31095b49b4328f70175cb443416132e22695195cca2f4ea83c1005cdc7
mem_20260901_brief_reliz_1_1_0_base_sets_04e6ce	task-brief	active	ef83eb06f2601660915205873031849f4c25ef1423265fc97a2c0df4888cba5b	1aed33791c69bb18d98859027bd18b0e8e8777ad588e34425de8bd043f930def
mem_20260901_brief_research_fts_poiska_colon_i_kraevy_2656ca	task-brief	active	432466503a6baed4e96c1d5cc76b226fa741cd3d339a975f923d2c4d5bec45be	6dcca84e8888f3b76c222b3cc7fb2cc1c79a994261eecd19eb0af363adeb5262
mem_20260901_brief_speka_onboarding_v2_rev_5_bez_styu_f1a597	task-brief	active	a42b30337a540cb75b24537a0c141ab88f9478895a1c007e91544c9aa87d8a9e	06d85616f2905898a5f6006e96495d95839af6741cd853573f55a26500078428
mem_20260901_brief_speka_onbording_payplayna_v2_init_270a07	task-brief	active	4af039790ffc667eb5827943d24910ed06082ea405d48133753525c36e754665	60633e03e0b73d9a38534cbcee5037eec9a8758f8108b384ef21ed333f5799cc
mem_20260901_brief_speka_zhalobnogo_kontura_v2_1d31a4	task-brief	active	a5e4104f9b878875ac44a2449863c6c60afcfb4f75f08501259bc52ef33b17b3	2f2931a0313b5fb6d8a8e27824ad927b3ab635a9e9410abb51db9961f0c4860c
mem_20260901_brief_v2_merzh_complaint_v2_impl_ploshch_03e4be	task-brief	active	6f3f1d74a708870eaf92f8a50e5ee74c4e23f6f7c61fc6400888cfdb401d18f1	3d87c72bfaaaf4455fc676a1debc48d84483bd49f5855b56f17de54e32e91721
mem_20260901_brif_f15_init_nastraivaet_subagent_depth_412009	task-brief	active	b908272cc9775a16b6c609da20b1b4f7fa2255c140180e9cac8a94285df10a20	1de1e660491d1c04809fb6231b72550d1ff12ba73b84ff23586f2eee5ce02bd0
mem_20260901_brif_paket_2_0_1_f13_uv_cwd_guard_f14_be_8efe60	task-brief	active	812c5e99c7e4fa708e03b2e6aaa3ad38ce278b872aba2ef92495114899b25c0e	96f327c5a22344a60dbf7286413d9b52d67adeb7859b853092ea5dbd6e4cc098
mem_20260901_brif_pochinka_raskhozhdeniya_mcp_skhem_a_c88240	task-brief	active	8fe0e0990dd11010e5e91f324511495bcde37e9e37e348b74818fc55fffa7b66	1fa7d8342087ab41fc68574eeb145fdd5ffb20b1c4bfb0682001bf342950175b
mem_20260901_brif_reliz_2_0_1_f13_f14_f15_micronits_a3785b	task-brief	active	865297c109465b335d42607f55ed9943822b3f23ac5b2e4420728dbd3a9479e3	f55e1228936f012cfa7f772b73c3be59ae215e5d079fe0f5504ae2e396deba35
mem_20260901_init_report_mister_wolf_df10ad	report	active	3a502b3ae5d415011178df7b6a1f0e49fa888234ecd4b2c6b19ee99acebfd550	0928d03759da8753f238ed2afcae336422cf8cfc174f1a67027bd19467b7b352
mem_20260901_otchet_audit_repo_2026_09_01_accepted_6_2e909b	report	active	e7bd67d388760d471c6a0868a75188b9450679b6cc0b45ca13f713f422ea8456	bcee624bf6e41c7cd438fc1548e2e2f3c077f71b1b41fd08d714e0915fa7e0c7
mem_20260901_otchet_rezka_repo_likvidatsiya_dev_accep_be03c7	report	active	1add0092684b602b5713fe0cc641ef87e589f3cf04f0576aab009970501579b2	e3e337618a7e83ddb232b66187048688250e395d2b978347629745ea7cd21b85
mem_20260901_report_base_sets_faza_c_final_0b9b40	report	active	0dab89d7beb9db09181dfa260a5c02d3764b3a2df0f532692af4a66794fe9d97	d59be62cf43296d2a8b3772cbcecc074de9bb0d085c270a9f83190f97928f1a1
mem_20260901_report_merzh_base_sets_prinyat_chistka_w_1089fd	report	active	10008a4533a88c41726dacc9d523593e8309950e2a7c4004798e280e29f4142a	df6ffac1fe2550491978ff4c29b48e61732d25c9444120acb68edd8c72c7f194
mem_20260901_report_merzh_base_sets_v_main_6b0862	report	active	70a75e85e3cc7819372177ea68a6e036a18b357cdecb6c2e46be2125181dde35	5579ca6c14567574c9c2e1d330e709a9154f2abf30ef3ed6f80654239159885c
mem_20260901_report_merzh_complaint_v2_impl_ploshchad_79a3a6	report	active	0e96ad4011097c3693664ee6b555c160246d414837a39ceac5dc4b25d9593c92	2d4d5aeb4437d5d2ad07bbd5bcbf1ba310bab9e292225db950ade765e73dde9f
mem_20260901_report_merzh_fts_query_d_v_main_30ce92	report	active	76fdc3e91111d089407856659855d127f8eb207908721181e114d787a96158a1	dfd520c210aa8d3720362ec11f8b473d7139b2a8763d1fa2ea0601674a26f4b9
mem_20260901_report_ploshchadka_pristine_e22951	report	active	ee2464741d5ebeb818828c2426ddc4ab2221782d928b9edf1dd4d561779bb333	bfb108e3c530e58ed04e02e857ba9ac054c1be6eae80208a1d0354c6eba0a32f
mem_20260901_report_realizatsiya_fts_variant_d_a80dd5	report	active	2b0b81945f72734fb1c5637207ac091e69158ca9ae1ed8a09c5190dbb4d70920	933562db097519c0cc240b16c464606887760e981071a027037d06ba885180e3
mem_20260901_report_realizatsiya_onbording_payplayna_e084d8	report	active	e59471d630b374bc390ebe911125dbea506cd30883e2baec556d70bd733d8e89	a82b12bcc573010edf7028f9d35fc99dc8830fec3d6d0f2231f648488db3b1b9
mem_20260901_report_realizatsiya_zhalobnogo_kontura_v_94aa9c	report	active	4a395f69b97ee2471681cd0f9ca061e61b7e263910e0acb32121233317b5dd3f	17672acaf1e132f55c45f480c9e2589531636cae1b3a9a4da98d26706547b630
mem_20260901_report_reliz_1_1_0_0bc6be	report	active	c2264b06b9d88477950b7b41e791103522bd25193d4aefd6643dd515550e83c4	9c286d6101b12b8c76f77059374e8ffd0b509b28aa1a06270fd9784e15efbe0c
mem_20260901_report_reliz_2_0_0_49f481	report	active	bd516c3c66997ec255acaba79e44824d70424b0440db5f308c655fa3d1d4c250	005bf84ddfc8e06cf7e5509f19f99da19698b8fd9e0bbb8c19e32ac2e3e55aaa
mem_20260901_report_research_fts_poiska_colon_kraevye_943c57	report	active	10b008bd475ae8acf6724508f180bdf9987da8a83adf0f3d0317a35a357978eb	7375f7ecb219abbfd7c81a69c9dfd501eea4dbeb98f06d1e732e91be356c16f5
mem_20260901_report_speka_onbording_payplayna_v2_dce045	report	active	148568ef3a775d5884098565b6d269dca5466c60c96cdbf46f6eda244ca98772	d3fbcb8443477e2792ab0a8803be7c30ee0b929833689bbe7ffe5849132d800c
mem_20260901_report_speka_onbording_v2_rev_4_platform_b8cc34	report	active	14a7c588a5e2ae0fac4812b2bf37c4aad15de72fd9646b289e8686818cc4e761	e6a8826b7ec66bae5c9f0c58a5c319f423d47e17e131f5a29cd98d5d0dd4f9cc
mem_20260901_report_speka_onbording_v2_rev_5_bez_styu_3ce09e	report	active	56166f98b8695a9154459b5cb09e2f9e37a77e45b2913f10f1283b5886cf1ee7	daf5e96567eb0be8381787b00cfd271fa5048d0c2d4f19b1b6fea81b433de37b
mem_20260901_report_speka_zhalobnogo_kontura_v2_9a13ad	report	active	ebf75f06c74a817bf2763f894ceb0b0cc3807a2bf6650fedb57fa5006f420884	923bfc5a40a40b17f1342ef445782b33bf60848e1524493f50652434ef1f5435
mem_20260901_report_wolf_dossier_iteratsiya_5_emblema_c4b3e5	report	active	afcfc7887a4843ce11371c02ec6eaac6337e2d0e85c7d543219baf8ccf3ee006	1c295c92d29690a89dd3574eb4a9cbc78010314820bfdac53e0043e6646975a5
mem_20260901_report_wolf_dossier_iteratsiya_6_razdely_2fdd23	report	active	c321f32f8aa70ad25c1cc53f245a64154f2cfcc40102e27ed524fd939c955309	32a0201e5169583f217205c56119207d151c2f4289801650523fa6e4dc0e3617
mem_20260901_report_wolf_dossier_iteratsiya_7_vyravni_a8be86	report	active	c93a7bf68b6454a6b2175d51bcbb68951b61e64cc7ce8419cd82a3598f131a6a	ad8b252e7339ec896601f2db307c365160b4ec21e00b3b8370bc62511e2e0ebe
mem_20260901_wolf_dossier_iteratsiya_5_p1_emblema_tse_0e9e33	task-brief	active	9b285cc4ad02db7181716171064040f05ee4a28ebb463f4122af491f3c853bf4	aaa2cc91c87135e7f215268d92e863e4602f31dbca11558c1fa1514dc271fc71
mem_20260901_wolf_dossier_iteratsiya_6_p2_razdely_dok_d59c99	task-brief	active	dd5d508bfb774e679dd4bdc611eaf6f80790c2a9538685baf6e767dfbf6e994a	0ee8532da03f14687ce35f2b2c7952da92c4655ac4d3003c6b53ca83772dd517
mem_20260901_wolf_dossier_iteratsiya_7_mikro_vyravniv_357a71	task-brief	active	de42fe372d00891953e0838a7c2fd3233f973e510352d4a53708703645cae271	556058f90f1b53eec80350ed0b1988b8309bced799bd545dfe2090ef2c960b30
mem_20260902_brif_f2_deprecate_legasi_mr_wolf_cherez_facc99	task-brief	active	f7bf5df5dcec8c177678f2b3de871a6660f9b4b0ed8023fc5e73aef177df80df	58b6c701f3205bcf812fa52cdd7b85bc225947d9287ebc88901cb830c486a627
mem_20260902_brif_komanda_wolf_upgrade_2_2_0_993345	task-brief	active	8d136913935889a75257614a53ef7a73002f627e1bda601defc332c85d717b9e	640a7cfcaf09434d9328e273f19a0b35aa4a0f72c509db112c4a48caf8d027a4
mem_20260903_brif_2_2_1_english_surface_vse_polzovate_48ce7d	task-brief	active	17738bd683c466c982a6ea576b80243eec23e9d6e088bda6da863036bd1a79a3	8ca48947334c16f12116609ac3bdbc36e06e96c3d1c416a234c67bd37d2afb09
mem_20260903_brif_dokumentatsiya_v2_3_0_manual_sayt_462bfa	task-brief	active	c665c38864d22b38a0018a6ab3f5dd89df7355e10ba0ba0012c7f9f410a4969e	5e34fd68c1681bd60fd8271eb7c8e79d9969f58dddda6c333043679269574877
mem_20260903_brif_ispolnenie_plana_analitiki_wolf_sdd_b605f7	task-brief	active	9c9a3d991828d5696346ceab896fc4de0ec59c43b25f754d8212230b459da090	1c120b45f70a552e4fe34fabf59597afbd2a242149e8dd7796b80e7dc31c3501
mem_20260903_brif_plan_realizatsii_sistemy_analitiki_6da4df	task-brief	active	5237c37707dc3947fbaece803e94847cf667b8b08341c737c2295e3571f94746	61bde25430f37be2aa822bf7c6a7a06585959951d6614068a062122f365f375e
mem_20260903_otchet_dokumentatsiya_v2_3_0_prinyata_6_4e6df2	report	active	51142d8a24cc20a952f1a088b752bc27635270b2b1aa80cf32b31af10b39c304	55050dd9e60b6d4c8af9b7423d200421cab9d0ada3a6074086e1b8ae67595091
mem_20260903_otchet_ispolnenie_plana_analitiki_prinya_ffbc28	report	active	0d21666ad67e958f2b5f3521c5111d55cd57faab0c9b8ae1a3f34a7a940ae470	e0ce45211ced0d4828bb1410e0a67ceab4b2e78ec32bdfd1cd43346bdc183834
mem_20260903_otchet_plan_realizatsii_analitiki_prinya_aab6da	report	active	11ea6f70d2d550aa84b36645922aafafb434b4c52f2f9d408d6d41c8e9eeb9ba	723cb5620e00a4eca386c26b1df0ef9438662210302a374d603d317d4f57b7b3
mem_20260903_poligona_playground_lab_realizovan_novye_9a94e8	report	active	023226dea94b2859afa11ba1ccdbf9684277cf599acd1bd7fae25aced41f399e	24d0169f42e8648569a7316525e52c5f444ab8759b74c5aad8df8133c0a3e71b
mem_20260904_brif_analitika_konsiliumov_view_councils_ae8444	task-brief	active	c812634ffd376b88a3eecfe1cc7f79820037c64da18e98a59bc68361c4016dff	3d1e0f2c7d34ea64225f99503ecbef3aec83a8434625c0f307a13cb599bac605
mem_20260904_brif_fiks_tekstovogo_rendera_analytics_p_cf4204	task-brief	active	48ed7c7f787ec5a66a9eef714e415826d83297497be6eb05ec93322f7e20f82f	248e8d5d66bfaa6e7df5b80512ab0193d435acde09c6a3e41b2c0fa5eea44ae4
mem_20260904_brif_filtry_formatirovanie_tablits_voron_efa6e4	task-brief	active	cde7fccf2e5c12f53676e37680b67297dff1d210190be7cc955ffd2cd293d851	fd423d631e3b5bf59614979bf85653012e454deae561652b2995ef576a496605
mem_20260904_brif_razblokirovat_npm_publikatsiyu_e2e_afce2b	task-brief	active	855bc13d90cc20b84c3edd2370bb64473316bf0677c1998dc8a64b3f41f9c50a	244e043cf5760b482a3490b528885b2d6655a9aeca8eda64b3d801a6d1d5ffb3
mem_20260904_brif_realizatsiya_p0_semanticheskaya_che_a1c78a	task-brief	active	1d512b9e0ebe24797e73085477e033738a6fcfe37577a525d1640eeec2c46731	1bc911a661b4699d098aaec16c5380c3cdfb3d62554e5d92b0c8cbbf2bc07819
mem_20260904_brif_realizatsiya_p1_skvoznaya_telemetri_3644da	task-brief	active	9753282590d51d9a82687afdeb3740dcf1b886229fb6457659bd8dcc47eafdb9	a82fea3295be933e6930bd0412de34f1ca991eaa4ec41533e3997516393a35b1
mem_20260904_brif_reliz_v2_5_0_obnovlenie_dokov_prime_2e768f	task-brief	active	488ee0e1e1b26c795bf1211de92e673859b85683c46728ef2ee077e50f91017a	84fda1c9a10fe0ac60ebca83cf5e60e26435234aa88904517944243087f032ab
mem_20260904_brif_wolf_migrate_run_log_reliz_v2_6_0_46193e	task-brief	active	aa306d07b9457c17b6b49472079137bedbc7826bf5c45c8ff837c8006d2fdc40	2e16a6ecb4130d04a7ce52046e22d50ad6634b7cb6409ff800781a4143398700
mem_20260904_otchet_4_fiksa_analitiki_radix_bonus_pri_0fb628	report	active	8930a6cfe10105973f3c59cc7a82fd1e8c9da02ae2b92688358aef5c8d44c94f	abe227acba99006e0d86602871b6fbfa1e04cefb0e931f330e79bf8e09d12ce3
mem_20260904_otchet_analitika_konsiliumov_view_counci_79d505	report	active	deaacbed3d71437101ab4db720d1a6adee881b4aa5512c7fd44c6907e00d33b1	5e2153797d6b072c87d19f28d53da26d7ae1dd23b1fa00e106bdce63947ee6c1
mem_20260904_otchet_migrate_run_log_reliz_v2_6_1_prin_17163a	report	active	1cdad9a5d446c1b1efe825941c605bf4590b5461d49b93df9edd4a5076baad2d	fc22efce8a86800997dedb671d89df79ab755f3995800a7bb58c3fdd3eb564dd
mem_20260904_otchet_npm_publikatsiya_razblokirovana_v_5640a1	report	active	bb3c8e736daa192b4d59cfee8f94b830519556ee81707e72e527f8d4c7e55cb9	30f2a9928d2b3e8cdb64526a4508511c54107747dc88025d431dd874e4480f15
mem_20260904_otchet_p0_semanticheskaya_chestnost_anal_255a86	report	active	b9cb63b493dc611598f10eab4ddd00c3f7a21fc92f3cf7a696f4cb0375d1b72c	0cbccecfd9d667c6e8261f9fae20cffa66767f49b0384b7ff56fa3b5b2ca0fbb
mem_20260904_otchet_p1_skvoznaya_telemetriya_prinyata_f8ebd2	report	active	3591f24b27912c56ce8af5fed5e3598c1b900e72abcba3eae2a6828aa8a85f09	739e5fdfb256330d6cb3765bcfd1d3889c29d713de2810f35f91ffeb53fe428d
mem_20260904_otchet_p2_zhiznennyy_tsikl_pamyati_atrib_e2b585	report	active	7afc35c0cdeceb8fc0d73bac9cadb386d580567841b7badd156265fba76de5ac	2bbacc6a979c415e48111955dee6c06f8247026320e4da86acd598858f1a739f
mem_20260904_otchet_reliz_v2_5_0_prinyat_5_5_npm_late_ff576e	report	active	696f5e4bd474d7fd200f4488492587f0ed25bcb95c4d79d0b6959ab67135a659	2ad1833b8063d2ea5dac486ebe9397fbb99f1c913ee5ad5eb1fc54f445ad8a88
mem_20260905_brif_kompleksnaya_reviziya_dokumentatsii_b348bb	task-brief	active	e11a83bc5c5a2e8e2fcc250b36fd7a240cd66fa514d0dea20ea48137d084d832	102a685696c06efbb2011f1dab5978a3ab6c93ec09dc0cd2de46fabedec33e34
mem_20260905_otchet_fiks_versii_mcp_servera_prinyat_4_e4fb60	report	active	000344494488525a3ea446ee3454a1479067851121166633740ba070eb692b5a	6e896d633a42414ca8f9274d9f3262d2341a94f78b21d01470f6de836e7e955c
mem_20260905_otchet_p3_kampanii_kogorty_per_memory_ro_2c2cbb	report	active	c75e5addd06ca3d1cd03fcca821a1fc88513f2febaa555e2f53339dc74229004	5f0fb11c8a69c7d89b97149232b572480fcc9ba28dbf524478772ecea1086f77
mem_20260905_otchet_reliz_v2_7_0_prinyat_4_4_npm_2_7_356897	report	active	83c28b62a2c7cf8dd2ded053e339c687c884df1f482de9e38a7677bf5b4ae15d	65eb50aeddca6a4ba451e5812c0aea9a6096a2f238199362e830c990d320bbf8
mem_20260905_otchet_reliz_v2_8_0_prinyat_4_4_npm_2_8_55960a	report	active	6b9350612957dc2967fb05e6bd1df19ea9ecbf19f0c0acd387374bf200c93c8a	7bd5c813735b258532fbc985025cdb28152da16e07e3628bc747bd9070833bd0
mem_20260905_otchet_reliz_v2_9_0_prinyat_4_4_npm_2_9_82090a	report	active	7ede99738e261434254c6a36184eb4a3e8ba3c4b8fca33fc53d9c53941f4369e	92f88fd6b89bd76b1cd10c7c2738d83fc584f7bb957f37283bc84a44ed6f26cc
mem_20260905_otchet_reviziya_dokumentatsii_p0_p3_prin_a6b8b7	report	active	b36dc1fd225e7aef50e006976e2186f2c3ed572bbf30d613cf268f4559f397cd	ec42c27340468e6a417fd1ac6ae5d9c91ca3a7dfaf68245070968fa18dcb74f4
mem_20260908_brif_infrastruktura_konveyera_artefaktov_2c6308	task-brief	active	b61d5ada23c21b6adb74fa0c6ba6006ee76b0f8de20aa422d2a7ca2929e36655	62c930e1f3e69f31c62d83fe08b76da033d511283258d6db8419798d3ad8b095
mem_20260926_task_brief_analiz_realnogo_ispolzovaniya_918d36	task-brief	active	fa773b3f3dbd912a6542970ae0e994bab07084da73978a8a456dc43bcb9250bf	739a3feac59f48286db1d58e284bf21d38a5a27921d4fb9b9dc9e6f442d771c0
mem_20260927_otchet_dogfooding_analiz_ispolzovaniya_w_8c264f	report	active	c01a9e89791fcdb4ec35d2f2357522655178afda0a8aadb23d8818b88a4025c1	1e2def362adabf20000ed6e6e28c14428f929687d266f67488e6e94cfd6e2aa3
WORK-THREAD	work-thread	completed	01ba4719c80b6fe911b091a7c05124b64eeece964e09c058ef8f9805daca546b	38a8f822a12e4576b6e1116eff7c38f0fb4d519483aafa566a33403e01d3af9c
mem_20260630_need_incremental_indexing_bddb0a	blocker	resolved	dcc09c6972533a541146961828a51a0dccf7c9c21fafe8dc280bf32071334e00	2e07631336c53f8bd094a48dd4bc54178647bc61c11430617815b7ac5bee373f
mem_20260630_use_decision_and_blocker_types_for_phase_e7f8ee	decision	active	2b97e4353f7a94b328acf10ca3963eafb3df734323c3df701b78123987a544e9	566dd948571ec981bcf67d2a4695f24b165e1a9f30e6f239813e973c8efbafd6
mem_20260630__c0acde	info-request	open	01ba4719c80b6fe911b091a7c05124b64eeece964e09c058ef8f9805daca546b	e79e5909d8ef61b2bfc12f58031dfcdf99250878ae257fc39ece738ec8f18c41
mem_20260630_mr_wolf_schema_driven_memory_control_pla_73e06c	article	proposed	4d1d5c7d934fe2169e9fc46fba3b40e1bfeda025633219cbc9eaafd19233adcf	5548486e3e0c5955b57f306142402c52dc1cdd1dda535d45304d5df836e49c56
WORK-THREAD	work-thread	completed	01ba4719c80b6fe911b091a7c05124b64eeece964e09c058ef8f9805daca546b	55f4fdb7e352fc7fb0aa5a7ccb1f7ff5574696afc481948840e9aa6ba62aef0a
WORK-THREAD	work-thread	completed	01ba4719c80b6fe911b091a7c05124b64eeece964e09c058ef8f9805daca546b	7371b75db01e81c926a54f790a65d8dfdc4b549066e0a19f29c6169d31c0acf4
mem_20260818_9_v2_75348f	article	proposed	489bd305f2f3de5972b142fc28d2ce963ae72c523ac2f6970e66d9642b7be775	50923cce30b468338e53abe26a15971f2a31086c3f348666e48e4f11c9ebaffb
mem_20260818_flat_first_selective_orchestration_7ff0e7	article	proposed	9e7cb99cd03a81a52c6b2afda49a5a5678a5013843aa253726a0f2d3c2d2a293	931342788ce9c0662357aea1ae23627051dee49d219dd9b6633a96928147ce80
mem_20260818_v2_docs_concept_v2_md_61af4c	article	proposed	d7767ebf2a0e7f39d2587bc80e32637da335ecbaf26cf4ccc207b53cf85423b0	6f93c2f4a48d3fab4f93f8d77d4f97d8d4c41f74c3b2440b26759d90a74b6409
mem_20260818_wolffs_218d25	article	proposed	6bd134558ab2a320aad7b252d0eb71fbb27bbd8db792c8261af25b23e8aed1fd	632ed620e25df0b0aaeff421b1d396e6e9eadf8ae02e4d12fc4c15b927b6cba0
mem_20260819_2_4_must_fix_be3216	article	proposed	31fc8ff273fa481877ab7192fa41738648179d868e42bb2c3a2d6eabe9053b74	8f36bcec3dc13d520276d15f0695fa518bdd3d4600d767cc8af521c57c441ab0
mem_20260819_3_f8921c	article	proposed	8cd4a5ea67ae8a288c97b62c4a3a465d6ba9da5882b36574407c7e59cdc88a8e	6309cbd4e79550f13bde9b91a14ae4b41af2ec1da63f33478ac67f16150b0878
WORK-THREAD	work-thread	active	01ba4719c80b6fe911b091a7c05124b64eeece964e09c058ef8f9805daca546b	4f0b977de503c7f57efec61ae0638899e59c41cd4e17f87cabe2e8f0af75fcf4
WORK-THREAD	work-thread	completed	01ba4719c80b6fe911b091a7c05124b64eeece964e09c058ef8f9805daca546b	8ddd28a802e7115f610eba2e0dea9da8ab6e6a7f8bffcf4955624d230009e115
mem_20260824__38d20e	blocker	resolved	4724dd483c61d408c9dee59a08d86c0f4000aaa34fe0a3983ab20c538dc85097	f9d4ebb0223de3288c1c6d3fdb7cc32cd2f7435799059222cedcbee74f2ea6be
mem_20260824_search_26368b	blocker	obsolete	77912214222544ddeeb3881c96546c8bccfcfba666e6e044e6a2f8634045bb05	307c8d2b3880f0ef614ef049ea868c63fbd8326e137f76cabbeea5d3bfc1d8af
mem_20260824_checkpoint_mem_20260824_2c3e76_2a46bf	session-checkpoint	active	01ba4719c80b6fe911b091a7c05124b64eeece964e09c058ef8f9805daca546b	4b7a5f608118849de26f7aa617d3fd582dd6a15419a93343578cb16128dbac9c
WORK-THREAD	work-thread	active	01ba4719c80b6fe911b091a7c05124b64eeece964e09c058ef8f9805daca546b	b91665a9d4a9426532fbd641bcb789b54082e2f842a18c2ca71e2a6652faa416
WORK-THREAD	work-thread	active	01ba4719c80b6fe911b091a7c05124b64eeece964e09c058ef8f9805daca546b	9461031b0e330e49dbfd698f0982f12aafcba1cec081a4be7094c1caa5e85c78
mem_20260826_kto_avtor_nezakommichennogo_wip_session_74d406	info-request	answered	01ba4719c80b6fe911b091a7c05124b64eeece964e09c058ef8f9805daca546b	321f1187edf580a1a9bb2a73d0b8f9b3df05a32f07e9b19301b6ee89f7ef2610
WORK-THREAD	work-thread	active	01ba4719c80b6fe911b091a7c05124b64eeece964e09c058ef8f9805daca546b	cb7f49361c7d75d687d3ce39842b4efabe4101ea5f5eb3861310ac8eb4b65bf2
WORK-THREAD	work-thread	active	01ba4719c80b6fe911b091a7c05124b64eeece964e09c058ef8f9805daca546b	2b0b55922a9521a3f467c5bf2fecbcbf75a396088f05304cab9453ad62ed57d8
mem_20260827_reviziya_speki_samoobucheniya_7_popravok_34e774	decision	active	1da73068d1f30a2e8ec784eaecfeb4039ddbe5fc99ee222970e0919fbe5784ed	3dca5f7a874b80b3def48c7493eb3548a874a5d084698722187168080a562b12
WORK-THREAD	work-thread	active	01ba4719c80b6fe911b091a7c05124b64eeece964e09c058ef8f9805daca546b	7507599a68616aabb85799746ec5043810ebb3aa130e8d6f4890b176dba9ae9c
mem_20260828_programma_issledovaniya_s_vneshnim_agent_8686d3	decision	active	215bef82e81c5718f4741c5e2119834a434a087917257775370b752b8a04d7d6	f76b21778995447befd9351c2d713f922cca103c4035fceee5c587bd1d01762c
mem_20260828_expert_001_audito_zamechaniya_vneshnego_190d86	article	archived	7a0d80cdb5bc7898da6ef9b56d3b1da4b76c57a800bec10a96169681769da154	d84c178c26e28f9557606767d8df5f95011efc2acce354d6799aa83aacebe09b
mem_20260828_expert_002_sota_kontekst_va_karta_istoch_68841c	article	archived	b6325d0f44ace52d84984235483e7f7a302ae2d1888e1a30365a518d3817e034	bef31392253bbba3f283cde7c99b52d597b2f31b60fbbf736689f04b59d20509
mem_20260828_expert_003_prinyat_research_report_surve_5e6fdb	article	archived	9e8d6fc19661c4940bf9f135b5ba298728c9f5c389bd4ae7f4f1c62e860ad4a2	a19ff95a8183c5adb9d5aa659c106a20fa96247b64dc717348fb56d81525c3af
mem_20260828_expert_004_prinyat_sandbox_gate_zamechan_486737	article	archived	52325ce05e5848d9f5d158cea2c0f9a196bd3f88bc933c4de233b3909fdd3a66	be70abc7a4b370bc6519c33b482a44a29ec354cff8a7e1d60c6eb94f32e84521
mem_20260828_expert_005_prinyat_decay_ttl_q26_zakryty_bf6442	article	archived	5fb12f7cf7fd2eb6cffda044e832808f3ec88d226eff2c6f244afa6089c4d0a4	8ae633b30b57a8bc684655d7f0e69e4f4de03de01e439368ed296de9334dcab0
mem_20260828_expert_006_prinyat_s_zamechaniem_klaster_748e19	article	archived	96c268a142e7eef247468ddf1920eac47cb42a168a0d16ad92f4b3bed700afef	6f96fc7d7e0f9c20ba8793ef597c2b6df1cd64cdc9f21f14357b9765eb910499
mem_20260828_expert_007_prinyat_logging_standards_q20_6e580a	article	archived	eeb67d46a98958e68120449b9f10f9863bcb9b836a52435fc1bf571809d815b4	c70c36a419a03bdfbeb09941a8a233af8947612577f5c19cbe9e802f8ccde14c
mem_20260828_expert_008_prinyat_negative_constraints_0198c3	article	archived	cc48031831d201a705f064d9742840448beaf26f7945d985770c918a9e643b1d	b56f90f1e42aea70891fc9d256dc80c91ed0163a516a2d1977cfe0366ecda575
mem_20260828_expert_009_prinyat_s_zamechaniem_hitl_qh_e40f09	article	archived	fbafa6f4a3b7a9dca4582eba0a477c2910b540d57ad1f8f75274a876f90446f7	16811d05060ec642ffb95c24335cdf337f003f48064984f4aaf675f375dbe727
mem_20260828_expert_010_prinyat_meta_observability_5_50f692	article	archived	f2608f1bc3b2be31417a47927622ebbb4357734e4e8beca4ef8c01076b8d95eb	6b503fc1ccc3c814d8eee0886b4c931091c889dfbc230d5a03430eb9a36d4c21
mem_20260828_expert_011_prinyat_gepa_q24_zakryty_10_k_be6635	article	archived	7188fd03a076cc023da8d5a6635577d1754fbc0638b9de7a81bfbffaf77c0ee2	7ba0992a6f910fd0fed8562756079f09c1549264dc1a457c992814eb3aaff628
mem_20260828_expert_012_prinyat_orkestratsiya_qo_zakr_931836	article	archived	fcd4aacfa3e3f413c24e8f45589b3049d9524714108e2e026980769f83148b37	a2876d03e0f39b6d689fc44d6751f634d2293c69f8e070046b2c4c44247f7cf7
mem_20260828_expert_013_prinyat_programma_issledovani_d357ff	article	archived	95375d2d67213346b077c40094f97c729dc2793ac18af64ba9821e1143877327	e3940e7c05b11d803cbcf130ca5dfe504893aa1518dfa36bdf8736e2d127ba48
mem_20260828_expert_014_prinyat_reviziya_podtverzhden_cd0804	article	archived	a7d39e54e166ff198b34cad98df2d5ca3c9980a6d197c72e5fdad13b2c2f4fde	3bef42f9bea714f28feb3a40b3ac1399acb0d69dc86611f5d707eaa5b7fb25f1
mem_20260828_poc_2_podtverzhden_3_3_komanda_skill_evo_2e6c01	article	proposed	08da0e9e1bdda4c48f3d4bb844622184eaa732c59e134606ad30079efb33e99f	dc91c8c595f64bba409015dea6a8d4c8d35437f08fe544e0fa09f594bc332677
mem_20260828_poc_apprentice_ramochnaya_model_podtverz_1c7204	article	proposed	14163d6d005126358f9f3f841bbda0f383e06664137ab23e68795897ccaa9152	16f6625ff42666e194d914c46d97d5edd62f80182a4e3fb0bded4ec1edca1fb7
mem_20260828_reviziya_speki_f20_26_prinyata_43_pravki_82ad00	article	proposed	f2d4548b629532bb2ca37aa9572ffbe08074176cf4b904084b08e8107a56935f	123efb7b320a97859cf513807dbf11687dfeaf8de6bd2bd6f02fc654437e670b
mem_20260829_poc_3_zavershen_headless_tochnost_tsena_ee318e	article	proposed	d3ddb189e65c7c3fa8fff670626027024fc6fa265a499719ec55f05755decd0a	7bb897bda50d48d468687a29c06c461bbbb9e88147019f45607a704bef61c4b1
mem_20260829_poc_4_zavershen_model_iz_pamyati_na_letu_22cf0d	article	proposed	e6e5975784407763637cead5d8161a3534234bc5d874cd0abb18fa50f9f8dbf4	a2b0a832a2c5118929c7d2f92630ab60e5166d823a0461d059dbf9a3d086c807
WORK-THREAD	work-thread	active	01ba4719c80b6fe911b091a7c05124b64eeece964e09c058ef8f9805daca546b	6648aa3751b65b68fe4c1fdd4b99194159094144f321a42907b6a7cc0b7ad4c2
mem_20260831_design_direction_wolf_dossier_operationa_009ae7	article	proposed	dc2728e21ff1e099e365bfdc6bed0b5b1467ca6b8f8df236e6de937747a32fad	feac1341081dffff5937d8d044ca6b494c95e43f3ac239b50318083e3f11545c
mem_20260831_wolf_dossier_audit_2_posle_iteratsii_3_p_5da8e9	article	proposed	1a7a1361c9d119de6eba3c1ad290a007231b1ec45d5eaa814fbb59de8490e204	a8f5641133f076e5957f24686124be2325c032c5a679b7489187b8c4cf40f64e
WORK-THREAD	work-thread	active	a3596f5d751131b1ac050de8037470a9df6678f60f014bbdbbcbbe28482f8d82	61330bd0cdb0a27009b822f7e430df922486bbb4889b097f33c04151a4bc0bb8
WORK-THREAD	work-thread	active	9fc02a02559ccc6fde12149d3dd5c4a49d4aa7630de3ca9b98aca8c141f04d22	a574cab4d52c52ab0de669bed1b6e7d37c4309c40da8187774dc87b0cc7816f6
WORK-THREAD	work-thread	completed	2a894c9533b43eefd5d03bdc348fbf00fdc9d72cb6de3e22b9960fa1c320415c	4238de3a585a325e3b1630ee43615172ebe9d63d55e4a431df4cedad355df846
WORK-THREAD	work-thread	active	80be77e1c2f60c9687b5d01551650044f5a5b1ca5e74fca8fe6711dba23d1933	d1e141793afdafd2f5fa2a9b1e4e1805cbf3f42392dc9a62b0e64c827256c36e
WORK-THREAD	work-thread	active	01ba4719c80b6fe911b091a7c05124b64eeece964e09c058ef8f9805daca546b	20c6f78a2374616aed2a93fef204213554505e63607536d246df863d25e5ae80
mem_20260904_publikatsiya_v2_6_0_zablokirovana_pre_ex_a51616	blocker	resolved	01ba4719c80b6fe911b091a7c05124b64eeece964e09c058ef8f9805daca546b	b47796471c5dbd47aaf36ae6b14f64653b7782a6c11a540a8f8f57fd46d40dab
mem_20260831_roadmap_v3_1_delta_po_itogam_vneshney_ek_c2db7f	decision	active	5455c6001f79d9d057bdffe787aae46d6602461e2da3214666269f123fde3eef	c56ff6f84d0c8d48936c6a1866378f40c40ac914e9fe963060df97df01a4b9e9
mem_20260831_analiz_dialoga_s_vneshnim_ekspertom_wolf_7a1053	article	proposed	e43e11757cc0f6a00f25c7a7f35371d4e2c223a85a3f2c495ef075a808e78709	be87e54c5c75606e80797b60fcae087780c1389b7e73f9dcf151775bac16092e
mem_20260831_kritika_komplekta_v3_3_verdikt_uspeshen_5ec9b6	article	proposed	686a48ce551750eb26fa7e4f2dd7cf3f68d0656387b2284c895910b1677d550a	1bbea59dc13e7136137bc0a35533799178aeb4999e572d462fab12bc0f46de5e
mem_20260831_kritika_kontseptsii_v3_2_strukturnyy_raz_d0cfc2	article	proposed	e182c9217214e59ade22a39073d54c1601997b643338d637b89b5fa82d2b9e31	f50b515f6c36692cde79e500503258a2cbd3f75a2833167e1b0b71abcee0ae84
mem_20260831_github_zablokirovan_po_billingu_ci_publi_65fbb8	blocker	resolved	01ba4719c80b6fe911b091a7c05124b64eeece964e09c058ef8f9805daca546b	9f280173ccef26d55797311fef8f5dec0ee2cbc982887c7694b00033e5268769
mem_20260901_reshenie_edinyy_istochnik_mcp_skhem_inpu_a3a540	decision	active	1eb451e5e3b0793d977b0315a7ebd9ad13e77ee34d73d822699404e7e2d9fa08	945563d379a85aec6f651f19c5d5a3df90253edab5b86664cc9fbdb4d25d627e
